sun_byndpeqewhrjwaqe.jpg,./images/sun_byndpeqewhrjwaqe.jpg
pu33.jpeg,./images/pu33.jpeg
2755860336_126b78842a_o.jpg,./images/2755860336_126b78842a_o.jpg
5005678830_2e45739d41_o.jpg,./images/5005678830_2e45739d41_o.jpg
sun_bggixrgemhvuewkc.jpg,./images/sun_bggixrgemhvuewkc.jpg
sun_arkbrhiinafdbhrw.jpg,./images/sun_arkbrhiinafdbhrw.jpg
sun_blplndgggpunourm.jpg,./images/sun_blplndgggpunourm.jpg
sun_becpynhazdxerqrj.jpg,./images/sun_becpynhazdxerqrj.jpg
5002497986_eaaca4ec80_o.jpg,./images/5002497986_eaaca4ec80_o.jpg
sun_ahaosbevhmnktmoy.jpg,./images/sun_ahaosbevhmnktmoy.jpg
sun_bastmhxkbevpcxbb.jpg,./images/sun_bastmhxkbevpcxbb.jpg
sun_bmyfjvampsqhhohi.jpg,./images/sun_bmyfjvampsqhhohi.jpg
sun_boostwtgmysyltsg.jpg,./images/sun_boostwtgmysyltsg.jpg
uu57.jpg,./images/uu57.jpg
14605464362_d98df7887f_k.jpg,./images/14605464362_d98df7887f_k.jpg
pu64.jpeg,./images/pu64.jpeg
sun_ahtkagbklfojdner.jpg,./images/sun_ahtkagbklfojdner.jpg
un57.jpg,./images/un57.jpg
un43.jpg,./images/un43.jpg
13395174494_44b4eebf89_k.jpg,./images/13395174494_44b4eebf89_k.jpg
sun_bafrekwxjonzjktv.jpg,./images/sun_bafrekwxjonzjktv.jpg
sun_bwbqkloviocxctfm.jpg,./images/sun_bwbqkloviocxctfm.jpg
sun_bxljaxganxwfqoru.jpg,./images/sun_bxljaxganxwfqoru.jpg
sun_blowkvgbxsrtaqno.jpg,./images/sun_blowkvgbxsrtaqno.jpg
sun_becavaoalnakrvjb.jpg,./images/sun_becavaoalnakrvjb.jpg
sun_apuwvzomauxofone.jpg,./images/sun_apuwvzomauxofone.jpg
sun_bkwnoexjmbakfjkk.jpg,./images/sun_bkwnoexjmbakfjkk.jpg
sun_bengzsmykwchlrdn.jpg,./images/sun_bengzsmykwchlrdn.jpg
3831721257_dd2709fbb1_o.jpg,./images/3831721257_dd2709fbb1_o.jpg
sun_agonhwakgtlfocpm.jpg,./images/sun_agonhwakgtlfocpm.jpg
sun_afvylhdjvekwelyi.jpg,./images/sun_afvylhdjvekwelyi.jpg
sun_bmqfbxfmiivrzahl.jpg,./images/sun_bmqfbxfmiivrzahl.jpg
labelme_curlnnqqeufkgha.jpg,./images/labelme_curlnnqqeufkgha.jpg
sun_bfybdrsfxcvfnwwv.jpg,./images/sun_bfybdrsfxcvfnwwv.jpg
sun_byjczgbclpelowgj.jpg,./images/sun_byjczgbclpelowgj.jpg
spn18.jpeg,./images/spn18.jpeg
pn67.jpg,./images/pn67.jpg
pn73.jpg,./images/pn73.jpg
sun_bvsxakclsfqnshfx.jpg,./images/sun_bvsxakclsfqnshfx.jpg
Urban_Image_07.BMP,./images/Urban_Image_07.BMP
sun_bdlynbahsepbpqpg.jpg,./images/sun_bdlynbahsepbpqpg.jpg
sun_acupwsafbhbvxyuy.jpg,./images/sun_acupwsafbhbvxyuy.jpg
un19.jpeg,./images/un19.jpeg
sun_bdtazuhapgwbydoi.jpg,./images/sun_bdtazuhapgwbydoi.jpg
sun_aqncumkrotxnvxli.jpg,./images/sun_aqncumkrotxnvxli.jpg
sun_bwmawbpoowzeummc.jpg,./images/sun_bwmawbpoowzeummc.jpg
labelme_emnvlwctczkwycb.jpg,./images/labelme_emnvlwctczkwycb.jpg
sun_aaqmvdfxgsvtujlu.jpg,./images/sun_aaqmvdfxgsvtujlu.jpg
sun_azkurelchrtakort.jpg,./images/sun_azkurelchrtakort.jpg
361125714_85d26219de_o.jpg,./images/361125714_85d26219de_o.jpg
pu73.jpg,./images/pu73.jpg
sun_biyphgtigguewlyv.jpg,./images/sun_biyphgtigguewlyv.jpg
pu67.jpg,./images/pu67.jpg
washwatts3.jpg,./images/washwatts3.jpg
sun_bktujmhbgcjhsyos.jpg,./images/sun_bktujmhbgcjhsyos.jpg
uu4.jpg,./images/uu4.jpg
spn28.jpg,./images/spn28.jpg
uu5.jpg,./images/uu5.jpg
spn29.jpg,./images/spn29.jpg
labelme_erixdzoszhkmtvc.jpg,./images/labelme_erixdzoszhkmtvc.jpg
sun_adrirtviiozpogln.jpg,./images/sun_adrirtviiozpogln.jpg
spn34.jpeg,./images/spn34.jpeg
sun_aripmftezewvacjc.jpg,./images/sun_aripmftezewvacjc.jpg
sun_bdqljqqlkmtfjwhe.jpg,./images/sun_bdqljqqlkmtfjwhe.jpg
sun_bgldtycetcmobsgf.jpg,./images/sun_bgldtycetcmobsgf.jpg
pu66.jpg,./images/pu66.jpg
pu72.jpg,./images/pu72.jpg
sun_adlusvaedrhmsrdd.jpg,./images/sun_adlusvaedrhmsrdd.jpg
sun_bhdqdbfgtsqpwlho.jpg,./images/sun_bhdqdbfgtsqpwlho.jpg
14994839459_c459a65ba6_o.jpg,./images/14994839459_c459a65ba6_o.jpg
8730161898_8ee167bc51_k.jpg,./images/8730161898_8ee167bc51_k.jpg
sun_bykfrnhiyijdgrbn.jpg,./images/sun_bykfrnhiyijdgrbn.jpg
sun_bdsocmqghnprogdu.jpg,./images/sun_bdsocmqghnprogdu.jpg
sun_bbqacusxjthihjvd.jpg,./images/sun_bbqacusxjthihjvd.jpg
pn72.jpg,./images/pn72.jpg
sun_bcqtnhsgzohwtnmc.jpg,./images/sun_bcqtnhsgzohwtnmc.jpg
4911540190_9644c45115_o.jpg,./images/4911540190_9644c45115_o.jpg
GeorgeTown4.jpg,./images/GeorgeTown4.jpg
pn66.jpg,./images/pn66.jpg
sun_aaxvstinrkjvhgqt.jpg,./images/sun_aaxvstinrkjvhgqt.jpg
sun_bcekwhtknwfyyvkm.jpg,./images/sun_bcekwhtknwfyyvkm.jpg
sun_amwvtwffeljjjqmu.jpg,./images/sun_amwvtwffeljjjqmu.jpg
sun_azpjfetivojhplyc.jpg,./images/sun_azpjfetivojhplyc.jpg
sun_bggeumyxqahsvmbb.jpg,./images/sun_bggeumyxqahsvmbb.jpg
labelme_aqmvdfxgsvtujlu.jpg,./images/labelme_aqmvdfxgsvtujlu.jpg
sun_akyqgaqvozyepamh.jpg,./images/sun_akyqgaqvozyepamh.jpg
stpauls1.jpg,./images/stpauls1.jpg
sun_bxhosyjbwmtrsgkz.jpg,./images/sun_bxhosyjbwmtrsgkz.jpg
sun_ampjuzxdlazrdgyq.jpg,./images/sun_ampjuzxdlazrdgyq.jpg
3446305390_5153e4ce31_o.jpg,./images/3446305390_5153e4ce31_o.jpg
un42.jpg,./images/un42.jpg
un56.jpg,./images/un56.jpg
sun_afufeysqtftjmfuy.jpg,./images/sun_afufeysqtftjmfuy.jpg
sun_awcltmwkwjsqxiln.jpg,./images/sun_awcltmwkwjsqxiln.jpg
sun_ajjodogkvthozlni.jpg,./images/sun_ajjodogkvthozlni.jpg
sun_bbxegplvudxeoyuh.jpg,./images/sun_bbxegplvudxeoyuh.jpg
sun_acfywzgnxcbypvpo.jpg,./images/sun_acfywzgnxcbypvpo.jpg
uu56.jpg,./images/uu56.jpg
sun_bagwhhnjoiubhwtq.jpg,./images/sun_bagwhhnjoiubhwtq.jpg
9121407111_7d5fb9c3a5_k.jpg,./images/9121407111_7d5fb9c3a5_k.jpg
sun_bdyiqjlcehzytemj.jpg,./images/sun_bdyiqjlcehzytemj.jpg
sun_bgjrfuxxcwocdmqt.jpg,./images/sun_bgjrfuxxcwocdmqt.jpg
pu48.jpeg,./images/pu48.jpeg
labelme_cnbnajpyairiiuf.jpg,./images/labelme_cnbnajpyairiiuf.jpg
Restoration_Image_36.BMP,./images/Restoration_Image_36.BMP
sun_awejrnxklcvyppeg.jpg,./images/sun_awejrnxklcvyppeg.jpg
Franklin1.jpg,./images/Franklin1.jpg
labelme_gsiavbhhndunfvc.jpg,./images/labelme_gsiavbhhndunfvc.jpg
sun_bhsmphhtedtwkkrc.jpg,./images/sun_bhsmphhtedtwkkrc.jpg
sun_bcxiguwfjwzmvrug.jpg,./images/sun_bcxiguwfjwzmvrug.jpg
uu68.jpg,./images/uu68.jpg
StAnthony_s123.jpg,./images/StAnthony_s123.jpg
161233934_4bd86966da_o.jpg,./images/161233934_4bd86966da_o.jpg
uu54.jpg,./images/uu54.jpg
sun_bzrotihzjwlapqog.jpg,./images/sun_bzrotihzjwlapqog.jpg
labelme_bfwprzutuhkhfhr.jpg,./images/labelme_bfwprzutuhkhfhr.jpg
sun_bmhmwxiqliwugevo.jpg,./images/sun_bmhmwxiqliwugevo.jpg
sun_bygjynspaxnvwvyk.jpg,./images/sun_bygjynspaxnvwvyk.jpg
sun_bjxkvzorotqdvdry.jpg,./images/sun_bjxkvzorotqdvdry.jpg
un40.jpg,./images/un40.jpg
sun_aezmwlyvsecgxcsq.jpg,./images/sun_aezmwlyvsecgxcsq.jpg
sun_bgxiscbsnyvimyxs.jpg,./images/sun_bgxiscbsnyvimyxs.jpg
un54.jpg,./images/un54.jpg
2433087283_8eed4c6f56_o.jpg,./images/2433087283_8eed4c6f56_o.jpg
un68.jpg,./images/un68.jpg
sun_aqyxplcpknukwerx.jpg,./images/sun_aqyxplcpknukwerx.jpg
sun_braimkwnaboiyomi.jpg,./images/sun_braimkwnaboiyomi.jpg
sun_bxpamalzbhgkhhry.jpg,./images/sun_bxpamalzbhgkhhry.jpg
sun_bdddqzpkaxzzxeom.jpg,./images/sun_bdddqzpkaxzzxeom.jpg
unzentozen.jpg,./images/unzentozen.jpg
sun_ajzkngginlffsozz.jpg,./images/sun_ajzkngginlffsozz.jpg
sun_abasphceswhwwqvv.jpg,./images/sun_abasphceswhwwqvv.jpg
sun_btzhsekytknfthgu.jpg,./images/sun_btzhsekytknfthgu.jpg
pn58.jpg,./images/pn58.jpg
13169566283_9b227dab23_o.jpg,./images/13169566283_9b227dab23_o.jpg
pn70.jpg,./images/pn70.jpg
un15.jpeg,./images/un15.jpeg
pn64.jpg,./images/pn64.jpg
Urban_Image_10.BMP,./images/Urban_Image_10.BMP
sun_adonkmfgywrhpakt.jpg,./images/sun_adonkmfgywrhpakt.jpg
sun_bveviqphrvmhusav.jpg,./images/sun_bveviqphrvmhusav.jpg
13835018115_0a969769a5_k.jpg,./images/13835018115_0a969769a5_k.jpg
sun_bdqdijcitbescubt.jpg,./images/sun_bdqdijcitbescubt.jpg
sun_anqpionwelsvedgr.jpg,./images/sun_anqpionwelsvedgr.jpg
7463113742_235058b193_h.jpg,./images/7463113742_235058b193_h.jpg
Urban_Image_38.BMP,./images/Urban_Image_38.BMP
spn14.jpeg,./images/spn14.jpeg
sun_byydpuctqasikwoa.jpg,./images/sun_byydpuctqasikwoa.jpg
sun_afulkpfqvszqgdqh.jpg,./images/sun_afulkpfqvszqgdqh.jpg
sun_aatgjlulhrvjinsg.jpg,./images/sun_aatgjlulhrvjinsg.jpg
labelme_aacpgupgzvdjapw.jpg,./images/labelme_aacpgupgzvdjapw.jpg
pu70.jpg,./images/pu70.jpg
pu58.jpg,./images/pu58.jpg
spn43.jpeg,./images/spn43.jpeg
sun_azgbefprboeahcyi.jpg,./images/sun_azgbefprboeahcyi.jpg
uu7.jpg,./images/uu7.jpg
sun_abwssewwarkbfjqr.jpg,./images/sun_abwssewwarkbfjqr.jpg
sun_avjqkwzfankjsqgv.jpg,./images/sun_avjqkwzfankjsqgv.jpg
pu59.jpg,./images/pu59.jpg
uu6.jpg,./images/uu6.jpg
sun_aprcpcyxtzqfqfti.jpg,./images/sun_aprcpcyxtzqfqfti.jpg
pu71.jpg,./images/pu71.jpg
sun_adgoaclhkmmexkky.jpg,./images/sun_adgoaclhkmmexkky.jpg
sun_adbhodgaaqjvfvov.jpg,./images/sun_adbhodgaaqjvfvov.jpg
sun_abmowmdieacmeliu.jpg,./images/sun_abmowmdieacmeliu.jpg
labelme_cardkrnntwxmwdg.jpg,./images/labelme_cardkrnntwxmwdg.jpg
sun_bkcbocscylhtketk.jpg,./images/sun_bkcbocscylhtketk.jpg
sun_bsgoresnrolibvnn.jpg,./images/sun_bsgoresnrolibvnn.jpg
3856577444_3ddfaba933_o.jpg,./images/3856577444_3ddfaba933_o.jpg
sun_auyjuiuoipzjbpdi.jpg,./images/sun_auyjuiuoipzjbpdi.jpg
sun_aaoonjpbnjdpzfnu.jpg,./images/sun_aaoonjpbnjdpzfnu.jpg
pu52.jpeg,./images/pu52.jpeg
sun_bfbarbahhasqffbt.jpg,./images/sun_bfbarbahhasqffbt.jpg
Urban_Image_39.BMP,./images/Urban_Image_39.BMP
sun_bbwacladncluivzv.jpg,./images/sun_bbwacladncluivzv.jpg
spn6.jpeg,./images/spn6.jpeg
sun_bldwaollmaufocrj.jpg,./images/sun_bldwaollmaufocrj.jpg
8442590705_6bb3706b74_h.jpg,./images/8442590705_6bb3706b74_h.jpg
sun_bhveazfmzdizpzvc.jpg,./images/sun_bhveazfmzdizpzvc.jpg
4475694321_540b43ae6d_o.jpg,./images/4475694321_540b43ae6d_o.jpg
sun_ahnucgdfhnphbfyt.jpg,./images/sun_ahnucgdfhnphbfyt.jpg
labelme_fpsxleivdtulcka.jpg,./images/labelme_fpsxleivdtulcka.jpg
sun_assccinedkrprhyy.jpg,./images/sun_assccinedkrprhyy.jpg
sun_bhdlctrrqqpmrfwd.jpg,./images/sun_bhdlctrrqqpmrfwd.jpg
sun_aizilbibzgrzbzvi.jpg,./images/sun_aizilbibzgrzbzvi.jpg
pn65.jpg,./images/pn65.jpg
5662920796_45231899bf_o.jpg,./images/5662920796_45231899bf_o.jpg
pn71.jpg,./images/pn71.jpg
labelme_accronfozhwenqc.jpg,./images/labelme_accronfozhwenqc.jpg
pn59.jpg,./images/pn59.jpg
9506900174_b1dce922a6_k.jpg,./images/9506900174_b1dce922a6_k.jpg
sun_bbboytwpmbjwjavq.jpg,./images/sun_bbboytwpmbjwjavq.jpg
sun_aeetwlkvphgtfeks.jpg,./images/sun_aeetwlkvphgtfeks.jpg
sun_anlajlrfzlyqhyps.jpg,./images/sun_anlajlrfzlyqhyps.jpg
labelme_gtkravuhwhdsfej.jpg,./images/labelme_gtkravuhwhdsfej.jpg
un69.jpg,./images/un69.jpg
sun_beovjooignxjfqgy.jpg,./images/sun_beovjooignxjfqgy.jpg
4911013499_a3b2444026_o.jpg,./images/4911013499_a3b2444026_o.jpg
un55.jpg,./images/un55.jpg
3254532592_75600d66c2_o.jpg,./images/3254532592_75600d66c2_o.jpg
un41.jpg,./images/un41.jpg
uu55.jpg,./images/uu55.jpg
sun_bsewwykkyotnplra.jpg,./images/sun_bsewwykkyotnplra.jpg
sun_aesvdyvjecigwmlj.jpg,./images/sun_aesvdyvjecigwmlj.jpg
uu69.jpg,./images/uu69.jpg
sun_dpthdnbpdlhzpngb.jpg,./images/sun_dpthdnbpdlhzpngb.jpg
211996287_d8557a2ef9_o.jpg,./images/211996287_d8557a2ef9_o.jpg
sun_bciipmhxlockwesc.jpg,./images/sun_bciipmhxlockwesc.jpg
sun_bduxjnkcugmhcpag.jpg,./images/sun_bduxjnkcugmhcpag.jpg
sun_akjtkfxlrdphnwhj.jpg,./images/sun_akjtkfxlrdphnwhj.jpg
sun_bygsvrwujquzvovi.jpg,./images/sun_bygsvrwujquzvovi.jpg
sun_bgrtryemtmgxgbxl.jpg,./images/sun_bgrtryemtmgxgbxl.jpg
sun_bqypfryvokygihnj.jpg,./images/sun_bqypfryvokygihnj.jpg
378344300_a5ba8a7b86_o.jpg,./images/378344300_a5ba8a7b86_o.jpg
sun_bmqkaabffxjpxifj.jpg,./images/sun_bmqkaabffxjpxifj.jpg
pu45.jpeg,./images/pu45.jpeg
sun_blaqxdebghixzyyw.jpg,./images/sun_blaqxdebghixzyyw.jpg
sun_belbnwclesriyvye.jpg,./images/sun_belbnwclesriyvye.jpg
sun_anhojkmmxvbpiaof.jpg,./images/sun_anhojkmmxvbpiaof.jpg
uu51.jpg,./images/uu51.jpg
sun_btzmfgosrtmnkftf.jpg,./images/sun_btzmfgosrtmnkftf.jpg
sun_bvarshtgefppyupo.jpg,./images/sun_bvarshtgefppyupo.jpg
8522765122_1f5d937872_k.jpg,./images/8522765122_1f5d937872_k.jpg
uu45.jpg,./images/uu45.jpg
sun_bqbocvnkyeuouxqr.jpg,./images/sun_bqbocvnkyeuouxqr.jpg
sun_bkhqgzrrubgnwzpa.jpg,./images/sun_bkhqgzrrubgnwzpa.jpg
sun_bewlahslhahuvzjt.jpg,./images/sun_bewlahslhahuvzjt.jpg
sun_bfiovyoxudkenauq.jpg,./images/sun_bfiovyoxudkenauq.jpg
sun_bnodeelntrycgdev.jpg,./images/sun_bnodeelntrycgdev.jpg
labelme_tehiwwlztjinsuz.jpg,./images/labelme_tehiwwlztjinsuz.jpg
un45.jpg,./images/un45.jpg
sun_bfcznyjjveltrvmb.jpg,./images/sun_bfcznyjjveltrvmb.jpg
sun_bprqlcololsgzeiw.jpg,./images/sun_bprqlcololsgzeiw.jpg
un51.jpg,./images/un51.jpg
sun_atyasoydrjavyfux.jpg,./images/sun_atyasoydrjavyfux.jpg
pn75.jpg,./images/pn75.jpg
sun_aeufdalkzichduiz.jpg,./images/sun_aeufdalkzichduiz.jpg
8242897586_d2a46887ee_k.jpg,./images/8242897586_d2a46887ee_k.jpg
metro1.jpg,./images/metro1.jpg
pn61.jpg,./images/pn61.jpg
3434614894_191e1b92b9_o.jpg,./images/3434614894_191e1b92b9_o.jpg
sun_bjxupbtmwjkjocln.jpg,./images/sun_bjxupbtmwjkjocln.jpg
pn49.jpg,./images/pn49.jpg
16021760008_e122c06671_k.jpg,./images/16021760008_e122c06671_k.jpg
sun_bhtzyxuhkivqflue.jpg,./images/sun_bhtzyxuhkivqflue.jpg
8475130036_0cfe078971_k.jpg,./images/8475130036_0cfe078971_k.jpg
sun_bkueaxewlzijtzmy.jpg,./images/sun_bkueaxewlzijtzmy.jpg
Urban_Image_29.BMP,./images/Urban_Image_29.BMP
sun_byhaxsjmxzapuvrx.jpg,./images/sun_byhaxsjmxzapuvrx.jpg
sun_bfnesgyegqubrioz.jpg,./images/sun_bfnesgyegqubrioz.jpg
spn39.jpeg,./images/spn39.jpeg
pu53.jpeg,./images/pu53.jpeg
uu2.jpg,./images/uu2.jpg
sun_aozfhabbirwrbcev.jpg,./images/sun_aozfhabbirwrbcev.jpg
pu75.jpg,./images/pu75.jpg
pu74.jpg,./images/pu74.jpg
labelme_qaxgrflfovgycyn.jpg,./images/labelme_qaxgrflfovgycyn.jpg
2736547401_ef00ca564d_o.jpg,./images/2736547401_ef00ca564d_o.jpg
sun_bchrurwymivlxaqj.jpg,./images/sun_bchrurwymivlxaqj.jpg
sun_bvigtamzwppjqmzg.jpg,./images/sun_bvigtamzwppjqmzg.jpg
spn42.jpeg,./images/spn42.jpeg
uu3.jpg,./images/uu3.jpg
sun_amtziidcweruuwxe.jpg,./images/sun_amtziidcweruuwxe.jpg
sun_bjjcsxewflocxqnl.jpg,./images/sun_bjjcsxewflocxqnl.jpg
sun_aacjktmrhydsnuto.jpg,./images/sun_aacjktmrhydsnuto.jpg
sun_bbfrrlaqklochxyp.jpg,./images/sun_bbfrrlaqklochxyp.jpg
sun_bgkedhsgzyptkdkv.jpg,./images/sun_bgkedhsgzyptkdkv.jpg
sun_axmhoupmaonizbqo.jpg,./images/sun_axmhoupmaonizbqo.jpg
Urban_Image_14.BMP,./images/Urban_Image_14.BMP
8521640905_9877f37fa7_k.jpg,./images/8521640905_9877f37fa7_k.jpg
sun_btzagluyqfdbvujq.jpg,./images/sun_btzagluyqfdbvujq.jpg
un9.jpg,./images/un9.jpg
sun_bthxljuglcjjujxa.jpg,./images/sun_bthxljuglcjjujxa.jpg
4377475363_d61b2ae460_o.jpg,./images/4377475363_d61b2ae460_o.jpg
sun_bahrslvfecptaudk.jpg,./images/sun_bahrslvfecptaudk.jpg
spn15.jpeg,./images/spn15.jpeg
pn48.jpg,./images/pn48.jpg
sun_blnhyzdmwwoopmwn.jpg,./images/sun_blnhyzdmwwoopmwn.jpg
pn60.jpg,./images/pn60.jpg
pn74.JPG,./images/pn74.JPG
sun_bopxjistazyqaovi.jpg,./images/sun_bopxjistazyqaovi.jpg
sun_bddyddmzwaylmjuy.jpg,./images/sun_bddyddmzwaylmjuy.jpg
labelme_gixadkvfyzjzdtp.jpg,./images/labelme_gixadkvfyzjzdtp.jpg
5487406947_4be286c053_o.jpg,./images/5487406947_4be286c053_o.jpg
sun_bjrcpmcixyaldkjt.jpg,./images/sun_bjrcpmcixyaldkjt.jpg
sun_ayydpuctqasikwoa.jpg,./images/sun_ayydpuctqasikwoa.jpg
un50.jpg,./images/un50.jpg
sun_btwurzbxxuubcfku.jpg,./images/sun_btwurzbxxuubcfku.jpg
un44.jpg,./images/un44.jpg
sun_acwxxuplowrtjiio.jpg,./images/sun_acwxxuplowrtjiio.jpg
Frederick1.jpg,./images/Frederick1.jpg
sun_bhzexsxsxhcodhaj.jpg,./images/sun_bhzexsxsxhcodhaj.jpg
sun_bdtlkbsnljfkrqpd.jpg,./images/sun_bdtlkbsnljfkrqpd.jpg
sun_bomffpfajpqsmmpu.jpg,./images/sun_bomffpfajpqsmmpu.jpg
uu50.jpg,./images/uu50.jpg
13054351823_87512638d1_k.jpg,./images/13054351823_87512638d1_k.jpg
Greenspaces3.jpg,./images/Greenspaces3.jpg
sun_bkwvjmfuafheqzhd.jpg,./images/sun_bkwvjmfuafheqzhd.jpg
sun_ahgfwkxbtqvaabaw.jpg,./images/sun_ahgfwkxbtqvaabaw.jpg
sun_bwhntsxqruccpaed.jpg,./images/sun_bwhntsxqruccpaed.jpg
sun_blsznuzqhpqxqygf.jpg,./images/sun_blsznuzqhpqxqygf.jpg
Unity1.jpg,./images/Unity1.jpg
sun_aegvcwvnndzvjxbn.jpg,./images/sun_aegvcwvnndzvjxbn.jpg
sun_becttwtbxtrkmzuw.jpg,./images/sun_becttwtbxtrkmzuw.jpg
sun_ajkphirkjwrjnzju.jpg,./images/sun_ajkphirkjwrjnzju.jpg
sun_awwuchvqmolktcuu.jpg,./images/sun_awwuchvqmolktcuu.jpg
12273601646_c70ae31164_k.jpg,./images/12273601646_c70ae31164_k.jpg
sun_awrmmouemeupcuwj.jpg,./images/sun_awrmmouemeupcuwj.jpg
sun_btflgxlsjftehkrh.jpg,./images/sun_btflgxlsjftehkrh.jpg
uu46.jpg,./images/uu46.jpg
sun_bljyguxxfiakvvcz.jpg,./images/sun_bljyguxxfiakvvcz.jpg
sun_bhyxbwbvbgscztcj.jpg,./images/sun_bhyxbwbvbgscztcj.jpg
uu52.jpg,./images/uu52.jpg
sun_bzqehotlaflsbupw.jpg,./images/sun_bzqehotlaflsbupw.jpg
sun_bbvwmfpynokyncvt.jpg,./images/sun_bbvwmfpynokyncvt.jpg
pu49.jpeg,./images/pu49.jpeg
sun_aykfhuljdebwutwf.jpg,./images/sun_aykfhuljdebwutwf.jpg
17811153474_2c59ad576a_k.jpg,./images/17811153474_2c59ad576a_k.jpg
sun_adwxguicfkfyxfcc.jpg,./images/sun_adwxguicfkfyxfcc.jpg
un52.jpg,./images/un52.jpg
11589015423_04dd36e4c1_k.jpg,./images/11589015423_04dd36e4c1_k.jpg
un46.jpg,./images/un46.jpg
Maryland_Hall004.JPG,./images/Maryland_Hall004.JPG
16394496351_91c483cdb2_k.jpg,./images/16394496351_91c483cdb2_k.jpg
sun_amwyeacknnhuwroe.jpg,./images/sun_amwyeacknnhuwroe.jpg
sun_balqxsshuofjdvwk.jpg,./images/sun_balqxsshuofjdvwk.jpg
sun_bgnoyxtszxkfubfw.jpg,./images/sun_bgnoyxtszxkfubfw.jpg
labelme_bezumtdbdthehcc.jpg,./images/labelme_bezumtdbdthehcc.jpg
sun_aivdjruhkrfywfed.jpg,./images/sun_aivdjruhkrfywfed.jpg
pn62.jpg,./images/pn62.jpg
sun_boazwflqsnaddswa.jpg,./images/sun_boazwflqsnaddswa.jpg
sun_bgkyuujpyldusfdo.jpg,./images/sun_bgkyuujpyldusfdo.jpg
metro2.jpg,./images/metro2.jpg
sun_afayygrnoetwotbj.jpg,./images/sun_afayygrnoetwotbj.jpg
sun_albjdcupvyemvvsg.jpg,./images/sun_albjdcupvyemvvsg.jpg
sun_aihddssnuqboddxk.jpg,./images/sun_aihddssnuqboddxk.jpg
Urban_Image_16.BMP,./images/Urban_Image_16.BMP
sun_abwcalychnvomdxn.jpg,./images/sun_abwcalychnvomdxn.jpg
sun_baizwcbxovinfayn.jpg,./images/sun_baizwcbxovinfayn.jpg
spn7.jpg,./images/spn7.jpg
sun_beisnjeetzmkbuad.jpg,./images/sun_beisnjeetzmkbuad.jpg
uu31.jpeg,./images/uu31.jpeg
sun_bndpxegboditzxko.jpg,./images/sun_bndpxegboditzxko.jpg
sun_beypcqhrvhriugts.jpg,./images/sun_beypcqhrvhriugts.jpg
sun_bqmepxduhykrnfxe.jpg,./images/sun_bqmepxduhykrnfxe.jpg
sun_brltpjeuylheoilb.jpg,./images/sun_brltpjeuylheoilb.jpg
uu1.JPG,./images/uu1.JPG
sun_bvgfkvcwscgrhenm.jpg,./images/sun_bvgfkvcwscgrhenm.jpg
sun_btzcskabflndjlpq.jpg,./images/sun_btzcskabflndjlpq.jpg
sun_bdunsuyphxjdjlsx.jpg,./images/sun_bdunsuyphxjdjlsx.jpg
sun_bfrlkwnfslkydaly.jpg,./images/sun_bfrlkwnfslkydaly.jpg
spn38.jpg,./images/spn38.jpg
sun_abhpzvlebifyddjj.jpg,./images/sun_abhpzvlebifyddjj.jpg
sun_afgkqptfuqvijovj.jpg,./images/sun_afgkqptfuqvijovj.jpg
sun_aaxrfcondpfwzvwl.jpg,./images/sun_aaxrfcondpfwzvwl.jpg
sun_amxvuosxjdhejnyc.jpg,./images/sun_amxvuosxjdhejnyc.jpg
labelme_aafnwawebvhgkpx.jpg,./images/labelme_aafnwawebvhgkpx.jpg
sun_auktwumbowwonspp.jpg,./images/sun_auktwumbowwonspp.jpg
sun_bjsojzjlwjwupivh.jpg,./images/sun_bjsojzjlwjwupivh.jpg
sun_baauouybqpjmqbss.jpg,./images/sun_baauouybqpjmqbss.jpg
spn19.jpeg,./images/spn19.jpeg
pn63.jpg,./images/pn63.jpg
sun_agdvyzsdypdmkckg.jpg,./images/sun_agdvyzsdypdmkckg.jpg
sun_anntoolehkssgoer.jpg,./images/sun_anntoolehkssgoer.jpg
sun_bsiewkbogmfyzurc.jpg,./images/sun_bsiewkbogmfyzurc.jpg
sun_abxyywdotdsuuevt.jpg,./images/sun_abxyywdotdsuuevt.jpg
17040856507_f091ce29db_k.jpg,./images/17040856507_f091ce29db_k.jpg
sun_beqlkzktbsuavozo.jpg,./images/sun_beqlkzktbsuavozo.jpg
labelme_cfdiefghsjwrogz.jpg,./images/labelme_cfdiefghsjwrogz.jpg
pu65.jpeg,./images/pu65.jpeg
un47.jpg,./images/un47.jpg
un53.jpg,./images/un53.jpg
sun_bdzbkrvisvmtpxee.jpg,./images/sun_bdzbkrvisvmtpxee.jpg
labelme_aowrejlzewqjelm.jpg,./images/labelme_aowrejlzewqjelm.jpg
sun_ajtenilhytaehceo.jpg,./images/sun_ajtenilhytaehceo.jpg
sun_adlbcxlwyzhsxzuv.jpg,./images/sun_adlbcxlwyzhsxzuv.jpg
14728315772_fabc863351_k.jpg,./images/14728315772_fabc863351_k.jpg
BaltClayworks1.jpg,./images/BaltClayworks1.jpg
uu53.jpg,./images/uu53.jpg
sun_adiyqakzbygspqau.jpg,./images/sun_adiyqakzbygspqau.jpg
sun_bzghpmpoxqnifaua.jpg,./images/sun_bzghpmpoxqnifaua.jpg
sun_bhaupqebpmbhgxdw.jpg,./images/sun_bhaupqebpmbhgxdw.jpg
sun_arxjqrsleqkbkozv.jpg,./images/sun_arxjqrsleqkbkozv.jpg
uu47.jpg,./images/uu47.jpg
8143908150_23206163bc_k.jpg,./images/8143908150_23206163bc_k.jpg
sun_bbmqrelrfzbreewi.jpg,./images/sun_bbmqrelrfzbreewi.jpg
sun_aphsqddlotnzlzvk.jpg,./images/sun_aphsqddlotnzlzvk.jpg
sun_bitacwizpgjmhuge.jpg,./images/sun_bitacwizpgjmhuge.jpg
sun_absvsnntqbbirlar.jpg,./images/sun_absvsnntqbbirlar.jpg
sun_bzslvifnhpzzuvcf.jpg,./images/sun_bzslvifnhpzzuvcf.jpg
2484847109_a2e49897c3_o.jpg,./images/2484847109_a2e49897c3_o.jpg
jeremys1.jpg,./images/jeremys1.jpg
sun_ajgebwheenyurlit.jpg,./images/sun_ajgebwheenyurlit.jpg
sun_bgadklgfaixzqcdx.jpg,./images/sun_bgadklgfaixzqcdx.jpg
sun_axwxlbehyercojgv.jpg,./images/sun_axwxlbehyercojgv.jpg
uu20.jpg,./images/uu20.jpg
un34.jpg,./images/un34.jpg
sun_bryndkcyufynfswc.jpg,./images/sun_bryndkcyufynfswc.jpg
old-architecture-houses-buildings-abandoned-abandoned-house-1440x900-hd-wallpaper.jpg,./images/old-architecture-houses-buildings-abandoned-abandoned-house-1440x900-hd-wallpaper.jpg
un20.jpg,./images/un20.jpg
sun_avrrwqlonixeaovz.jpg,./images/sun_avrrwqlonixeaovz.jpg
14871577918_e702f3b8a0_k.jpg,./images/14871577918_e702f3b8a0_k.jpg
7971899866_308413401a_k.jpg,./images/7971899866_308413401a_k.jpg
labelme_aalbzqrimafwbiv.jpg,./images/labelme_aalbzqrimafwbiv.jpg
pn38.jpg,./images/pn38.jpg
Earth3.jpg,./images/Earth3.jpg
sun_bgmhrfetvhnljmun.jpg,./images/sun_bgmhrfetvhnljmun.jpg
sun_bmansbcqkkobovhq.jpg,./images/sun_bmansbcqkkobovhq.jpg
16191181936_3332fc9a0b_k.jpg,./images/16191181936_3332fc9a0b_k.jpg
un13.jpeg,./images/un13.jpeg
pn10.jpg,./images/pn10.jpg
5796577126_fb24945f7c_o.jpg,./images/5796577126_fb24945f7c_o.jpg
spn12.jpeg,./images/spn12.jpeg
pu3.jpg,./images/pu3.jpg
uu41.jpeg,./images/uu41.jpeg
sun_ayupyhexrnzpengy.jpg,./images/sun_ayupyhexrnzpengy.jpg
margo2.jpg,./images/margo2.jpg
sun_bloxxvjmgrtqzbfx.jpg,./images/sun_bloxxvjmgrtqzbfx.jpg
pu10.jpg,./images/pu10.jpg
sun_awgghpyhapzkghec.jpg,./images/sun_awgghpyhapzkghec.jpg
spn63.jpg,./images/spn63.jpg
sun_bdfehtizfxynalii.jpg,./images/sun_bdfehtizfxynalii.jpg
pn9.jpg,./images/pn9.jpg
sun_brcwragmjsycctmr.jpg,./images/sun_brcwragmjsycctmr.jpg
labelme_cayopaonuntzxio.jpg,./images/labelme_cayopaonuntzxio.jpg
labelme_czauvwckgulxegd.jpg,./images/labelme_czauvwckgulxegd.jpg
sun_boujifsjurlwbheb.jpg,./images/sun_boujifsjurlwbheb.jpg
pu38.jpg,./images/pu38.jpg
labelme_gmgfmbtnkpwaugo.jpg,./images/labelme_gmgfmbtnkpwaugo.jpg
spn45.jpeg,./images/spn45.jpeg
sun_bgbfjykxiocnnnya.jpg,./images/sun_bgbfjykxiocnnnya.jpg
pu39.jpg,./images/pu39.jpg
sun_aoykkzrgwletlbym.jpg,./images/sun_aoykkzrgwletlbym.jpg
4733844001_22006e3d63_o.jpg,./images/4733844001_22006e3d63_o.jpg
7706276100_0081656a1b_k.jpg,./images/7706276100_0081656a1b_k.jpg
pn8.jpg,./images/pn8.jpg
sun_bkpgykpbznwgwork.jpg,./images/sun_bkpgykpbznwgwork.jpg
spn62.jpg,./images/spn62.jpg
pu11.jpg,./images/pu11.jpg
6098926490_049d06123b_o.jpg,./images/6098926490_049d06123b_o.jpg
sun_bsnslvjpcmrgonxl.jpg,./images/sun_bsnslvjpcmrgonxl.jpg
sun_akifsthnqdnrdnxg.jpg,./images/sun_akifsthnqdnrdnxg.jpg
sun_bodycucvmqlkeuvh.jpg,./images/sun_bodycucvmqlkeuvh.jpg
pu54.jpeg,./images/pu54.jpeg
sun_anqztgofssbvobky.jpg,./images/sun_anqztgofssbvobky.jpg
sun_ahksirclsgdqnbyc.jpg,./images/sun_ahksirclsgdqnbyc.jpg
sun_dbuczbzfegvkbqug.jpg,./images/sun_dbuczbzfegvkbqug.jpg
sun_bbfxgvvywiwghhdl.jpg,./images/sun_bbfxgvvywiwghhdl.jpg
sun_abcbaynhfvbgmsgy.jpg,./images/sun_abcbaynhfvbgmsgy.jpg
sun_bbunnpvvlxeqhnyg.jpg,./images/sun_bbunnpvvlxeqhnyg.jpg
sun_byxqlmzkilmgdrxl.jpg,./images/sun_byxqlmzkilmgdrxl.jpg
pn39.jpg,./images/pn39.jpg
sun_buxjnhesbdfbnqob.jpg,./images/sun_buxjnhesbdfbnqob.jpg
sun_bmudulzqtxgcebvq.jpg,./images/sun_bmudulzqtxgcebvq.jpg
sun_avhmxykqqzhwfmhd.jpg,./images/sun_avhmxykqqzhwfmhd.jpg
sun_bwpjkfkhutefudyu.jpg,./images/sun_bwpjkfkhutefudyu.jpg
11095038286_2e2f2de754_k.jpg,./images/11095038286_2e2f2de754_k.jpg
sun_afezricptqyijjur.jpg,./images/sun_afezricptqyijjur.jpg
5796694376_f7acbeaa7e_o.jpg,./images/5796694376_f7acbeaa7e_o.jpg
uu8.jpeg,./images/uu8.jpeg
un21.jpg,./images/un21.jpg
un35.jpg,./images/un35.jpg
sun_bcgdmlmaojjqcaxq.jpg,./images/sun_bcgdmlmaojjqcaxq.jpg
sun_aqlurojczuvxfsjc.jpg,./images/sun_aqlurojczuvxfsjc.jpg
un8.jpeg,./images/un8.jpeg
uu21.jpg,./images/uu21.jpg
sun_agiyxkdghxdsrpna.jpg,./images/sun_agiyxkdghxdsrpna.jpg
sun_akwtrlviwncafcye.jpg,./images/sun_akwtrlviwncafcye.jpg
sun_bmeqcjgxqpbxlnxn.jpg,./images/sun_bmeqcjgxqpbxlnxn.jpg
sun_aakpowbpmkmqcgnc.jpg,./images/sun_aakpowbpmkmqcgnc.jpg
6995486190_dfbb589470_k.jpg,./images/6995486190_dfbb589470_k.jpg
3642430789_afbd3689fe_o.jpg,./images/3642430789_afbd3689fe_o.jpg
sun_bcimcjzlwhoiwuat.jpg,./images/sun_bcimcjzlwhoiwuat.jpg
sun_aoyifrzyzrepokaf.jpg,./images/sun_aoyifrzyzrepokaf.jpg
sun_aboomzkpzllmcgcl.jpg,./images/sun_aboomzkpzllmcgcl.jpg
sun_birpnzaqbjpkflna.jpg,./images/sun_birpnzaqbjpkflna.jpg
labelme_enfthyvffybvacs.jpg,./images/labelme_enfthyvffybvacs.jpg
sun_bfouonyltkukjxbm.jpg,./images/sun_bfouonyltkukjxbm.jpg
sun_aalltyvjhbzhkmvg.jpg,./images/sun_aalltyvjhbzhkmvg.jpg
sun_abjpwjobjhuarxzr.jpg,./images/sun_abjpwjobjhuarxzr.jpg
sun_akfkjcpbhabtywls.jpg,./images/sun_akfkjcpbhabtywls.jpg
uu37.jpg,./images/uu37.jpg
sun_bflpurrifjtqudae.jpg,./images/sun_bflpurrifjtqudae.jpg
uu23.jpg,./images/uu23.jpg
sun_bulmkeeyarxphfdq.jpg,./images/sun_bulmkeeyarxphfdq.jpg
Penn5.JPG,./images/Penn5.JPG
sun_acoqwgaqwkyghrmv.jpg,./images/sun_acoqwgaqwkyghrmv.jpg
sun_bbhtqettjiqgmest.jpg,./images/sun_bbhtqettjiqgmest.jpg
sun_buocshlxhmjqvipd.jpg,./images/sun_buocshlxhmjqvipd.jpg
un23.jpg,./images/un23.jpg
9787068983_995c2fad93_k.jpg,./images/9787068983_995c2fad93_k.jpg
pu62.jpeg,./images/pu62.jpeg
un37.jpg,./images/un37.jpg
sun_bdxwmjqgzhnhisyn.jpg,./images/sun_bdxwmjqgzhnhisyn.jpg
sun_akcaqbjvzlhchkcd.jpg,./images/sun_akcaqbjvzlhchkcd.jpg
7375038882_a76af2fae9_k.jpg,./images/7375038882_a76af2fae9_k.jpg
4023769904_376f22119c_o.jpg,./images/4023769904_376f22119c_o.jpg
sun_bczbkpwfyousdbea.jpg,./images/sun_bczbkpwfyousdbea.jpg
sun_aacpzgqrortyhyss.jpg,./images/sun_aacpzgqrortyhyss.jpg
sun_bfqsovbvigmlxpkc.jpg,./images/sun_bfqsovbvigmlxpkc.jpg
sun_adtyqoikmaginhcm.jpg,./images/sun_adtyqoikmaginhcm.jpg
7706251070_026dabc672_k.jpg,./images/7706251070_026dabc672_k.jpg
5620759402_1782ccb6cf_o.jpg,./images/5620759402_1782ccb6cf_o.jpg
4990805922_c8b9b0aff8_o.jpg,./images/4990805922_c8b9b0aff8_o.jpg
Amazing_Grace_087.jpg,./images/Amazing_Grace_087.jpg
sun_abaurduclrugbugf.jpg,./images/sun_abaurduclrugbugf.jpg
labelme_gsnrmqnspbwkgeu.jpg,./images/labelme_gsnrmqnspbwkgeu.jpg
848736616_993e336040_o.jpg,./images/848736616_993e336040_o.jpg
spn49.jpeg,./images/spn49.jpeg
spn74.jpg,./images/spn74.jpg
sun_bjvafeddhhdorluz.jpg,./images/sun_bjvafeddhhdorluz.jpg
sun_audijvtzzhgkrybg.jpg,./images/sun_audijvtzzhgkrybg.jpg
pu13.jpg,./images/pu13.jpg
sun_adurdjiwmgvgvyuc.jpg,./images/sun_adurdjiwmgvgvyuc.jpg
spn60.jpg,./images/spn60.jpg
sun_bljurfdxnppsqism.jpg,./images/sun_bljurfdxnppsqism.jpg
labelme_eibgrkgnhudlqtl.jpg,./images/labelme_eibgrkgnhudlqtl.jpg
sun_byobwgnrwhdikcxv.jpg,./images/sun_byobwgnrwhdikcxv.jpg
sun_bzvlozynxtzkexzw.jpg,./images/sun_bzvlozynxtzkexzw.jpg
spn32.jpeg,./images/spn32.jpeg
spn61.jpg,./images/spn61.jpg
pu12.jpg,./images/pu12.jpg
spn75.jpg,./images/spn75.jpg
sun_ayqvlnplqamhroqw.jpg,./images/sun_ayqvlnplqamhroqw.jpg
sun_bnbkrfjfaaywipyd.jpg,./images/sun_bnbkrfjfaaywipyd.jpg
4543290999_bb7670d32a_o.jpg,./images/4543290999_bb7670d32a_o.jpg
uu36.jpeg,./images/uu36.jpeg
sun_bfgkbdbsqqqusona.jpg,./images/sun_bfgkbdbsqqqusona.jpg
sun_bskrxgipifrczxkf.jpg,./images/sun_bskrxgipifrczxkf.jpg
sun_bfyksyxmxcrgvlqw.jpg,./images/sun_bfyksyxmxcrgvlqw.jpg
sun_atdxqfadcmzuyefc.jpg,./images/sun_atdxqfadcmzuyefc.jpg
pu1.jpg,./images/pu1.jpg
sun_bvsoumdthjcrnfnw.jpg,./images/sun_bvsoumdthjcrnfnw.jpg
sun_aphgjrvusnbakems.jpg,./images/sun_aphgjrvusnbakems.jpg
sun_anibgfuciqzwhbzs.jpg,./images/sun_anibgfuciqzwhbzs.jpg
sun_bswzkvlbskeqzzhq.jpg,./images/sun_bswzkvlbskeqzzhq.jpg
sun_afzqxsqcsvqtukxf.jpg,./images/sun_afzqxsqcsvqtukxf.jpg
Amazing_Grace_086.jpg,./images/Amazing_Grace_086.jpg
pn12.jpg,./images/pn12.jpg
14246834084_c00405b25e_k.jpg,./images/14246834084_c00405b25e_k.jpg
2757739452_b4f6e9144a_o.jpg,./images/2757739452_b4f6e9144a_o.jpg
sun_bbuqszbjhclnlyhl.jpg,./images/sun_bbuqszbjhclnlyhl.jpg
spn73.jpeg,./images/spn73.jpeg
sun_boktosfldmqkpgwl.jpg,./images/sun_boktosfldmqkpgwl.jpg
sun_aecbdfghnmqrcpsn.jpg,./images/sun_aecbdfghnmqrcpsn.jpg
sun_bfkglvlvqeqbqxxk.jpg,./images/sun_bfkglvlvqeqbqxxk.jpg
sun_bpqidtydiwmrvdjq.jpg,./images/sun_bpqidtydiwmrvdjq.jpg
sun_aroyszjeykmsxjug.jpg,./images/sun_aroyszjeykmsxjug.jpg
sun_bzmyfbmnrcadcgci.jpg,./images/sun_bzmyfbmnrcadcgci.jpg
sun_aeylitslkauqmnqw.jpg,./images/sun_aeylitslkauqmnqw.jpg
sun_bfizxofsjflnvdga.jpg,./images/sun_bfizxofsjflnvdga.jpg
un36.jpg,./images/un36.jpg
sun_bhsradzcxjscouks.jpg,./images/sun_bhsradzcxjscouks.jpg
un22.jpg,./images/un22.jpg
2993544590_46f49c0b9e_o.jpg,./images/2993544590_46f49c0b9e_o.jpg
sun_bddtedaiqmktgjrq.jpg,./images/sun_bddtedaiqmktgjrq.jpg
uu22.jpg,./images/uu22.jpg
4103626786_54874e187c_o.jpg,./images/4103626786_54874e187c_o.jpg
spn24.jpeg,./images/spn24.jpeg
sun_bhukpdrrcpbucrwa.jpg,./images/sun_bhukpdrrcpbucrwa.jpg
697172478_c5e168ad36_o.jpg,./images/697172478_c5e168ad36_o.jpg
10277411975_40edcdf48f_k.jpg,./images/10277411975_40edcdf48f_k.jpg
sun_bhuvubvmnnjthtof.jpg,./images/sun_bhuvubvmnnjthtof.jpg
un4.jpeg,./images/un4.jpeg
labelme_exivfjvkkfpwxzh.jpg,./images/labelme_exivfjvkkfpwxzh.jpg
sun_aklmfrpxbesniwkh.jpg,./images/sun_aklmfrpxbesniwkh.jpg
4006685914_bc5591f6ee_o.jpg,./images/4006685914_bc5591f6ee_o.jpg
sun_azlvzirbfaffyabd.jpg,./images/sun_azlvzirbfaffyabd.jpg
un24.jpeg,./images/un24.jpeg
labelme_enoeisodjkoapyc.jpg,./images/labelme_enoeisodjkoapyc.jpg
47644824_3ffc0d6af2_o.jpg,./images/47644824_3ffc0d6af2_o.jpg
sun_bmuklugsrmuewwjr.jpg,./images/sun_bmuklugsrmuewwjr.jpg
sun_baiknuqctbcvmbek.jpg,./images/sun_baiknuqctbcvmbek.jpg
sun_apoimwyzhbxdgttb.jpg,./images/sun_apoimwyzhbxdgttb.jpg
uu26.jpg,./images/uu26.jpg
spn25.jpeg,./images/spn25.jpeg
sun_bfzqbbnzozzitetz.jpg,./images/sun_bfzqbbnzozzitetz.jpg
sun_bgjzyrukarnefhst.jpg,./images/sun_bgjzyrukarnefhst.jpg
sun_byyvkthyypbxoexw.jpg,./images/sun_byyvkthyypbxoexw.jpg
sun_dgybzhjzhbkixjnm.jpg,./images/sun_dgybzhjzhbkixjnm.jpg
sun_bcwreanqybkeuzsy.jpg,./images/sun_bcwreanqybkeuzsy.jpg
labelme_tmaidzxwwhxhtor.jpg,./images/labelme_tmaidzxwwhxhtor.jpg
sun_aavyzmpyuatpbved.jpg,./images/sun_aavyzmpyuatpbved.jpg
sun_baaezlmwnuubqwpb.jpg,./images/sun_baaezlmwnuubqwpb.jpg
sun_buufxbcylfhnaomk.jpg,./images/sun_buufxbcylfhnaomk.jpg
sun_adugozwpdgupydsj.jpg,./images/sun_adugozwpdgupydsj.jpg
un26.jpg,./images/un26.jpg
un32.jpg,./images/un32.jpg
sun_akeolbqdxpapiqig.jpg,./images/sun_akeolbqdxpapiqig.jpg
sun_bmefxfoxobfvydqc.jpg,./images/sun_bmefxfoxobfvydqc.jpg
sun_abhxayemhxaimtew.jpg,./images/sun_abhxayemhxaimtew.jpg
5290333715_fbe95626ae_o.jpg,./images/5290333715_fbe95626ae_o.jpg
sun_beunksruyojeuqtn.jpg,./images/sun_beunksruyojeuqtn.jpg
sun_bcddtswwlttmmiux.jpg,./images/sun_bcddtswwlttmmiux.jpg
sun_aczjsyhtqawbyyer.jpg,./images/sun_aczjsyhtqawbyyer.jpg
sun_bprkacfyrmerwilc.jpg,./images/sun_bprkacfyrmerwilc.jpg
sun_bepjvqslkvasijrn.jpg,./images/sun_bepjvqslkvasijrn.jpg
sun_bmoqoyppsdvbfpsz.jpg,./images/sun_bmoqoyppsdvbfpsz.jpg
sun_bvxudslptvjsahxy.jpg,./images/sun_bvxudslptvjsahxy.jpg
14742004974_5b0fd7bed6_k.jpg,./images/14742004974_5b0fd7bed6_k.jpg
15102941978_7633b7c4f5_k.jpg,./images/15102941978_7633b7c4f5_k.jpg
pn16.jpg,./images/pn16.jpg
sun_bmivscqndnkjvndt.jpg,./images/sun_bmivscqndnkjvndt.jpg
sun_acrvwdwcnqgbvcbi.jpg,./images/sun_acrvwdwcnqgbvcbi.jpg
sun_bbnhxmvpzdnkabtb.jpg,./images/sun_bbnhxmvpzdnkabtb.jpg
pu5.jpg,./images/pu5.jpg
sun_arozwnyttgywehlx.jpg,./images/sun_arozwnyttgywehlx.jpg
7089581999_c1aa527c2e_o.jpg,./images/7089581999_c1aa527c2e_o.jpg
sun_bukcwkrlebhqfvqo.jpg,./images/sun_bukcwkrlebhqfvqo.jpg
sun_azclxvugrhpdwxna.jpg,./images/sun_azclxvugrhpdwxna.jpg
sun_aqfseewjcglwnzun.jpg,./images/sun_aqfseewjcglwnzun.jpg
12470681413_46ced6c02f_k.jpg,./images/12470681413_46ced6c02f_k.jpg
Annapolis_Waterworks2.jpg,./images/Annapolis_Waterworks2.jpg
3103055771_403cf88e3c_o.jpg,./images/3103055771_403cf88e3c_o.jpg
sun_bksdinhpajvomhto.jpg,./images/sun_bksdinhpajvomhto.jpg
spn33.jpeg,./images/spn33.jpeg
sun_bixgknhbsarsncqd.jpg,./images/sun_bixgknhbsarsncqd.jpg
sun_bnfhhcjskgobcjyc.jpg,./images/sun_bnfhhcjskgobcjyc.jpg
spn59.jpg,./images/spn59.jpg
spn71.jpg,./images/spn71.jpg
sun_afqsriblftakxnad.jpg,./images/sun_afqsriblftakxnad.jpg
sun_bffgbvzdficfndpg.jpg,./images/sun_bffgbvzdficfndpg.jpg
pu16.jpg,./images/pu16.jpg
sun_bvijghmhkpaofylf.jpg,./images/sun_bvijghmhkpaofylf.jpg
spn65.jpg,./images/spn65.jpg
sun_atqyakdayddmrzdi.jpg,./images/sun_atqyakdayddmrzdi.jpg
365345724_f429f95012_o.jpg,./images/365345724_f429f95012_o.jpg
labelme_gwtgjuwrhfnqbyu.jpg,./images/labelme_gwtgjuwrhfnqbyu.jpg
spn64.jpg,./images/spn64.jpg
pu17.jpg,./images/pu17.jpg
spn70.jpg,./images/spn70.jpg
labelme_bblbvcpytaazmur.jpg,./images/labelme_bblbvcpytaazmur.jpg
6544509881_2339168f06_o.jpg,./images/6544509881_2339168f06_o.jpg
spn58.jpg,./images/spn58.jpg
sun_bofraudvcsdnmmqn.jpg,./images/sun_bofraudvcsdnmmqn.jpg
sun_bywsfgqrvzgfcert.jpg,./images/sun_bywsfgqrvzgfcert.jpg
Annapolis_Waterworks3.jpg,./images/Annapolis_Waterworks3.jpg
spn48.jpeg,./images/spn48.jpeg
sun_axaqdcecfojvpvrl.jpg,./images/sun_axaqdcecfojvpvrl.jpg
sun_balltyvjhbzhkmvg.jpg,./images/sun_balltyvjhbzhkmvg.jpg
sun_abljayxmgyhdolen.jpg,./images/sun_abljayxmgyhdolen.jpg
sun_ajhgznedzjxhaotf.jpg,./images/sun_ajhgznedzjxhaotf.jpg
sun_aktldkkgtlpfxekt.jpg,./images/sun_aktldkkgtlpfxekt.jpg
8138704578_5557bebd34_k.jpg,./images/8138704578_5557bebd34_k.jpg
sun_azngysehhmarzhzi.jpg,./images/sun_azngysehhmarzhzi.jpg
pu4.jpg,./images/pu4.jpg
sun_anuqydbfjnyvftni.jpg,./images/sun_anuqydbfjnyvftni.jpg
sun_btgowjjaugzkfzqm.jpg,./images/sun_btgowjjaugzkfzqm.jpg
sun_bokvembtqtkcwikw.jpg,./images/sun_bokvembtqtkcwikw.jpg
labelme_einfdpvkmkqepug.jpg,./images/labelme_einfdpvkmkqepug.jpg
pn17.jpg,./images/pn17.jpg
sun_absopkcdtdbuumro.jpg,./images/sun_absopkcdtdbuumro.jpg
9019857601_6c1986fe84_k.jpg,./images/9019857601_6c1986fe84_k.jpg
sun_bnxwcdodlytqwfek.jpg,./images/sun_bnxwcdodlytqwfek.jpg
sun_adniuxqqhfdoqizg.jpg,./images/sun_adniuxqqhfdoqizg.jpg
sun_aacbgqunsjqeatcv.jpg,./images/sun_aacbgqunsjqeatcv.jpg
un33.jpg,./images/un33.jpg
sun_ayakcuywwovpkkqz.jpg,./images/sun_ayakcuywwovpkkqz.jpg
pu63.jpeg,./images/pu63.jpeg
sun_aldzbbkbzrorlemt.jpg,./images/sun_aldzbbkbzrorlemt.jpg
un27.jpg,./images/un27.jpg
sun_blicgnxfwxpimfnk.jpg,./images/sun_blicgnxfwxpimfnk.jpg
sun_bkpnwzcqrnreryst.jpg,./images/sun_bkpnwzcqrnreryst.jpg
uu27.jpg,./images/uu27.jpg
sun_auvpcfmeitjdaauk.jpg,./images/sun_auvpcfmeitjdaauk.jpg
sun_afzthossqiitlzic.jpg,./images/sun_afzthossqiitlzic.jpg
sun_bkuphifkjssrbdvn.jpg,./images/sun_bkuphifkjssrbdvn.jpg
sun_dafhogawgibbzmbw.jpg,./images/sun_dafhogawgibbzmbw.jpg
Restoration_Image_47.BMP,./images/Restoration_Image_47.BMP
sun_acimyjdqkbvptvgv.jpg,./images/sun_acimyjdqkbvptvgv.jpg
sun_aywwtwiwgwjxjcfw.jpg,./images/sun_aywwtwiwgwjxjcfw.jpg
sun_bklaudyttzhgbzir.jpg,./images/sun_bklaudyttzhgbzir.jpg
labelme_bbcuyrdscdqiqtp.jpg,./images/labelme_bbcuyrdscdqiqtp.jpg
pu43.jpeg,./images/pu43.jpeg
labelme_ggazuokqzsclsix.jpg,./images/labelme_ggazuokqzsclsix.jpg
uu25.jpg,./images/uu25.jpg
sun_aolswugowilcljar.jpg,./images/sun_aolswugowilcljar.jpg
sun_bknyannfomiolydg.jpg,./images/sun_bknyannfomiolydg.jpg
sun_afskvoypphiiakxz.jpg,./images/sun_afskvoypphiiakxz.jpg
labelme_evuftvyfpanmmab.jpg,./images/labelme_evuftvyfpanmmab.jpg
sun_bkywimwycfdiskni.jpg,./images/sun_bkywimwycfdiskni.jpg
labelme_xzwxmgjeinupbrb.jpg,./images/labelme_xzwxmgjeinupbrb.jpg
sun_bluyobhfzgrldyad.jpg,./images/sun_bluyobhfzgrldyad.jpg
uu19.jpg,./images/uu19.jpg
4477947944_a4808e0f07_o.jpg,./images/4477947944_a4808e0f07_o.jpg
sun_aaebuzkvqtkqiact.jpg,./images/sun_aaebuzkvqtkqiact.jpg
sun_adaqblxyejhelawl.jpg,./images/sun_adaqblxyejhelawl.jpg
sun_adnxdixqnsntrcke.jpg,./images/sun_adnxdixqnsntrcke.jpg
pn11.jpeg,./images/pn11.jpeg
sun_aagimqruugtmhthy.jpg,./images/sun_aagimqruugtmhthy.jpg
labelme_fpuwcwynbxeuhqw.jpg,./images/labelme_fpuwcwynbxeuhqw.jpg
sun_abrkzyxojgrjgmaw.jpg,./images/sun_abrkzyxojgrjgmaw.jpg
sun_blnfxfpplenfpsmo.jpg,./images/sun_blnfxfpplenfpsmo.jpg
un31.jpg,./images/un31.jpg
labelme_dwhvoekbdqbcfoo.jpg,./images/labelme_dwhvoekbdqbcfoo.jpg
un25.jpg,./images/un25.jpg
sun_achydzbgbrnnywxx.jpg,./images/sun_achydzbgbrnnywxx.jpg
sun_adfyczgpbxsioynh.jpg,./images/sun_adfyczgpbxsioynh.jpg
sun_bepivtatepzallbm.jpg,./images/sun_bepivtatepzallbm.jpg
sun_accwqkjvqdxonrqp.jpg,./images/sun_accwqkjvqdxonrqp.jpg
pn15.jpg,./images/pn15.jpg
labelme_demcydesrjcajul.jpg,./images/labelme_demcydesrjcajul.jpg
sun_ahkuglgffqcdocmx.jpg,./images/sun_ahkuglgffqcdocmx.jpg
sun_bvyxtpthsxbigblb.jpg,./images/sun_bvyxtpthsxbigblb.jpg
10241044884_4f232852cc_o.jpg,./images/10241044884_4f232852cc_o.jpg
pn29.jpg,./images/pn29.jpg
sun_auutbcqfhcoepljq.jpg,./images/sun_auutbcqfhcoepljq.jpg
spn1.jpeg,./images/spn1.jpeg
sun_bcyqhmsuncrhyodx.jpg,./images/sun_bcyqhmsuncrhyodx.jpg
pu6.jpg,./images/pu6.jpg
2928652344_0a2a4d5a78_o.jpg,./images/2928652344_0a2a4d5a78_o.jpg
sun_bizqzweeofczcppu.jpg,./images/sun_bizqzweeofczcppu.jpg
sun_bjgssegmnnmuthts.jpg,./images/sun_bjgssegmnnmuthts.jpg
sun_bfyixjhbdxgtvbml.jpg,./images/sun_bfyixjhbdxgtvbml.jpg
sun_aotynpnqxuqmwzfz.jpg,./images/sun_aotynpnqxuqmwzfz.jpg
LHHSPC_023.jpg,./images/LHHSPC_023.jpg
Annapolis_Waterworks1.jpg,./images/Annapolis_Waterworks1.jpg
pu55.jpeg,./images/pu55.jpeg
UMBC-Beuys005.jpg,./images/UMBC-Beuys005.jpg
sun_blwrfglpkhxpenia.jpg,./images/sun_blwrfglpkhxpenia.jpg
13519040394_6d0ada0a73_k.jpg,./images/13519040394_6d0ada0a73_k.jpg
sun_balbrxslgnpttizh.jpg,./images/sun_balbrxslgnpttizh.jpg
labelme_xtldypihnvywonn.jpg,./images/labelme_xtldypihnvywonn.jpg
sun_bgonfthpcwebmicc.jpg,./images/sun_bgonfthpcwebmicc.jpg
pu29.jpg,./images/pu29.jpg
sun_bemnjtqlcfpfnxni.jpg,./images/sun_bemnjtqlcfpfnxni.jpg
6351194909_c397885fab_o.jpg,./images/6351194909_c397885fab_o.jpg
sun_bwvnlhnfjxmyzosv.jpg,./images/sun_bwvnlhnfjxmyzosv.jpg
pu15.jpg,./images/pu15.jpg
spn66.jpg,./images/spn66.jpg
spn72.jpg,./images/spn72.jpg
sun_atfjsnunucafqlek.jpg,./images/sun_atfjsnunucafqlek.jpg
spn67.jpg,./images/spn67.jpg
pu14.jpg,./images/pu14.jpg
sun_bvhfpvunjuzomako.jpg,./images/sun_bvhfpvunjuzomako.jpg
pu28.jpg,./images/pu28.jpg
GreenSpace4.jpg,./images/GreenSpace4.jpg
spn44.jpeg,./images/spn44.jpeg
UMBC-Beuys004.JPG,./images/UMBC-Beuys004.JPG
sun_aqovgtdgsgdulxab.jpg,./images/sun_aqovgtdgsgdulxab.jpg
sun_anlysuprbklbfwcq.jpg,./images/sun_anlysuprbklbfwcq.jpg
uu40.jpeg,./images/uu40.jpeg
2851399484_82829f812a_o.jpg,./images/2851399484_82829f812a_o.jpg
sun_bjynjpcltodfyuuo.jpg,./images/sun_bjynjpcltodfyuuo.jpg
Bates2.jpg,./images/Bates2.jpg
spn13.jpeg,./images/spn13.jpeg
pu7.jpg,./images/pu7.jpg
pn28.jpg,./images/pn28.jpg
pn14.jpg,./images/pn14.jpg
193629879_6ffd6847a8_o.jpg,./images/193629879_6ffd6847a8_o.jpg
sun_abtrvupbmevvufvi.jpg,./images/sun_abtrvupbmevvufvi.jpg
sun_bsntfvwesqamkbow.jpg,./images/sun_bsntfvwesqamkbow.jpg
sun_alwzboffpnrusori.jpg,./images/sun_alwzboffpnrusori.jpg
un12.jpeg,./images/un12.jpeg
sun_akbldrajvseoaovw.jpg,./images/sun_akbldrajvseoaovw.jpg
sun_bzwgvgvsqqpbjfwc.jpg,./images/sun_bzwgvgvsqqpbjfwc.jpg
sun_bcfflmoxryslddbb.jpg,./images/sun_bcfflmoxryslddbb.jpg
sun_bjeljirgwgtnoycj.jpg,./images/sun_bjeljirgwgtnoycj.jpg
sun_bbxsuqbleluwczoy.jpg,./images/sun_bbxsuqbleluwczoy.jpg
un30.jpg,./images/un30.jpg
un18.jpg,./images/un18.jpg
3857441017_417d704797_o.jpg,./images/3857441017_417d704797_o.jpg
sun_bisjlyrkgupeyyjd.jpg,./images/sun_bisjlyrkgupeyyjd.jpg
sun_bbnhubptjikgkrrv.jpg,./images/sun_bbnhubptjikgkrrv.jpg
uu18.jpg,./images/uu18.jpg
sun_azqcqkqzxtnydpyq.jpg,./images/sun_azqcqkqzxtnydpyq.jpg
3973321620_2099318afe_o.jpg,./images/3973321620_2099318afe_o.jpg
uu30.jpg,./images/uu30.jpg
sun_aecmpccucfwrkdar.jpg,./images/sun_aecmpccucfwrkdar.jpg
uu24.jpg,./images/uu24.jpg
sun_boavgfnjeofazkub.jpg,./images/sun_boavgfnjeofazkub.jpg
sun_bekkgqphzbclwpvb.jpg,./images/sun_bekkgqphzbclwpvb.jpg
Restoration_Image_44.BMP,./images/Restoration_Image_44.BMP
sun_avnwxanmkcoqoney.jpg,./images/sun_avnwxanmkcoqoney.jpg
sun_aimrhefxirntdagb.jpg,./images/sun_aimrhefxirntdagb.jpg
Restoration_Image_50.BMP,./images/Restoration_Image_50.BMP
Restoration_Image_49.BMP,./images/Restoration_Image_49.BMP
sun_bunvrrzomhqgqtyp.jpg,./images/sun_bunvrrzomhqgqtyp.jpg
labelme_bbqlxkeoyrkgwyj.jpg,./images/labelme_bbqlxkeoyrkgwyj.jpg
8677865369_05049d4d2b_k.jpg,./images/8677865369_05049d4d2b_k.jpg
uu29.jpg,./images/uu29.jpg
sun_bjmjwrfzevqqetmd.jpg,./images/sun_bjmjwrfzevqqetmd.jpg
sun_biaoafnfwshiepad.jpg,./images/sun_biaoafnfwshiepad.jpg
8522766528_9d2817a828_k.jpg,./images/8522766528_9d2817a828_k.jpg
sun_bzdnaagjovvnvgtx.jpg,./images/sun_bzdnaagjovvnvgtx.jpg
4911021037_8bae5d26ce_o.jpg,./images/4911021037_8bae5d26ce_o.jpg
uu15.jpg,./images/uu15.jpg
7707723784_8b1e11d5eb_k.jpg,./images/7707723784_8b1e11d5eb_k.jpg
sun_bhjayvynjnzeqkie.jpg,./images/sun_bhjayvynjnzeqkie.jpg
sun_annxztlqjdywnfis.jpg,./images/sun_annxztlqjdywnfis.jpg
sun_bgakaoibdnzsemzp.jpg,./images/sun_bgakaoibdnzsemzp.jpg
14110340975_dc6671c58b_k.jpg,./images/14110340975_dc6671c58b_k.jpg
labelme_chcgztqnvhzvhxg.jpg,./images/labelme_chcgztqnvhzvhxg.jpg
un29.jpg,./images/un29.jpg
sun_bgelsouuhmemliht.jpg,./images/sun_bgelsouuhmemliht.jpg
sun_bgedljxpggjscxex.jpg,./images/sun_bgedljxpggjscxex.jpg
sun_bamdjlbjujfmodxd.jpg,./images/sun_bamdjlbjujfmodxd.jpg
pn19.jpg,./images/pn19.jpg
sun_bcfdedhrcmbnovlr.jpg,./images/sun_bcfdedhrcmbnovlr.jpg
sun_afnaouqvuncqwnas.jpg,./images/sun_afnaouqvuncqwnas.jpg
pn25.jpg,./images/pn25.jpg
sun_bctdtcqciqgupefg.jpg,./images/sun_bctdtcqciqgupefg.jpg
sun_abopenzoirvdglja.jpg,./images/sun_abopenzoirvdglja.jpg
pn31.jpg,./images/pn31.jpg
8558926944_ec934088fa_k.jpg,./images/8558926944_ec934088fa_k.jpg
sun_dzqczkfbtaeaezqu.jpg,./images/sun_dzqczkfbtaeaezqu.jpg
sun_abvcjjxmecbfvqvy.jpg,./images/sun_abvcjjxmecbfvqvy.jpg
sun_aexmlggwjjvdhcjs.jpg,./images/sun_aexmlggwjjvdhcjs.jpg
sun_bobnknfzhpcosxay.jpg,./images/sun_bobnknfzhpcosxay.jpg
spn2.jpeg,./images/spn2.jpeg
pu56.jpeg,./images/pu56.jpeg
uu38.jpeg,./images/uu38.jpeg
4877788855_cffaa8ff4e_o.jpg,./images/4877788855_cffaa8ff4e_o.jpg
sun_asrzbodfhvbofxvz.jpg,./images/sun_asrzbodfhvbofxvz.jpg
pu25.jpg,./images/pu25.jpg
spn56.jpg,./images/spn56.jpg
pu19.jpg,./images/pu19.jpg
meridian1.jpg,./images/meridian1.jpg
pu18.jpg,./images/pu18.jpg
sun_dovaqieewtxztrss.jpg,./images/sun_dovaqieewtxztrss.jpg
spn47.jpeg,./images/spn47.jpeg
pn1.jpg,./images/pn1.jpg
spn57.jpg,./images/spn57.jpg
pu24.jpg,./images/pu24.jpg
pu30.jpg,./images/pu30.jpg
uu43.jpeg,./images/uu43.jpeg
3008282344_a60ab52972_o.jpg,./images/3008282344_a60ab52972_o.jpg
sun_bsqhourzrglgtncr.jpg,./images/sun_bsqhourzrglgtncr.jpg
spn10.jpeg,./images/spn10.jpeg
871715538_107db9b9f6_o.jpg,./images/871715538_107db9b9f6_o.jpg
sun_alhxbkdbqhhtyjsj.jpg,./images/sun_alhxbkdbqhhtyjsj.jpg
sun_bhtenadfnxwmvncd.jpg,./images/sun_bhtenadfnxwmvncd.jpg
pn30.jpg,./images/pn30.jpg
pn24.jpg,./images/pn24.jpg
sun_aivbohizhwesgljj.jpg,./images/sun_aivbohizhwesgljj.jpg
sun_bbcrgumtjhkrxsnj.jpg,./images/sun_bbcrgumtjhkrxsnj.jpg
sun_bjnxdvhzonqesxtc.jpg,./images/sun_bjnxdvhzonqesxtc.jpg
sun_bxxbpkzwoxduooff.jpg,./images/sun_bxxbpkzwoxduooff.jpg
pn18.jpg,./images/pn18.jpg
sun_aibhaunmmjmqpciy.jpg,./images/sun_aibhaunmmjmqpciy.jpg
16985401286_5a08047d4c_k.jpg,./images/16985401286_5a08047d4c_k.jpg
sun_azugisvxrykznjhf.jpg,./images/sun_azugisvxrykznjhf.jpg
5069294588_01802c08fe_o.jpg,./images/5069294588_01802c08fe_o.jpg
un28.jpg,./images/un28.jpg
un14.jpg,./images/un14.jpg
5129089707_d3298f4eb2_o.jpg,./images/5129089707_d3298f4eb2_o.jpg
uu14.jpg,./images/uu14.jpg
sun_bqkcqwvhefnkcinz.jpg,./images/sun_bqkcqwvhefnkcinz.jpg
spn51.jpeg,./images/spn51.jpeg
7706423308_c1340afd6d_k.jpg,./images/7706423308_c1340afd6d_k.jpg
uu28.jpg,./images/uu28.jpg
sun_aieudxgcttaxlaec.jpg,./images/sun_aieudxgcttaxlaec.jpg
labelme_cckzohrqxfbserb.jpg,./images/labelme_cckzohrqxfbserb.jpg
sun_dtjxcminmajulvte.jpg,./images/sun_dtjxcminmajulvte.jpg
sun_bfyibkmcdrqtlsqj.jpg,./images/sun_bfyibkmcdrqtlsqj.jpg
Restoration_Image_48.BMP,./images/Restoration_Image_48.BMP
sun_bjcholoitrjrcwpy.jpg,./images/sun_bjcholoitrjrcwpy.jpg
5005069327_4474510394_o.jpg,./images/5005069327_4474510394_o.jpg
2915825346_8ab54dee48_o.jpg,./images/2915825346_8ab54dee48_o.jpg
sun_afifgcsvelgjagpf.jpg,./images/sun_afifgcsvelgjagpf.jpg
5005682032_14e8dd73b9_o.jpg,./images/5005682032_14e8dd73b9_o.jpg
4659226154_d8a52665f2_o.jpg,./images/4659226154_d8a52665f2_o.jpg
1583747295_8f3b3c7d47_o.jpg,./images/1583747295_8f3b3c7d47_o.jpg
un6.jpeg,./images/un6.jpeg
sun_daemcahvngursyym.jpg,./images/sun_daemcahvngursyym.jpg
sun_bocjadfuqedouctr.jpg,./images/sun_bocjadfuqedouctr.jpg
sun_bclywbvrtaengfnl.jpg,./images/sun_bclywbvrtaengfnl.jpg
6351939440_c28babf721_o.jpg,./images/6351939440_c28babf721_o.jpg
PattersonPark029.jpg,./images/PattersonPark029.jpg
sun_aaxdteuqwxqutknt.jpg,./images/sun_aaxdteuqwxqutknt.jpg
uu16.jpg,./images/uu16.jpg
sun_buvnmvmmfncnwkxa.jpg,./images/sun_buvnmvmmfncnwkxa.jpg
sun_bluhtbzypyblljbe.jpg,./images/sun_bluhtbzypyblljbe.jpg
sun_adeamqputqgbqvcq.jpg,./images/sun_adeamqputqgbqvcq.jpg
sun_bswqooplsschwxwy.jpg,./images/sun_bswqooplsschwxwy.jpg
sun_bmydjlsdszaxbtlz.jpg,./images/sun_bmydjlsdszaxbtlz.jpg
un16.JPG,./images/un16.JPG
7479099258_441014ef22_k.jpg,./images/7479099258_441014ef22_k.jpg
sun_aigjhrqdjprlbzke.jpg,./images/sun_aigjhrqdjprlbzke.jpg
9379615645_5128aacba4_k.jpg,./images/9379615645_5128aacba4_k.jpg
sun_bxrqgjlxhizvkukr.jpg,./images/sun_bxrqgjlxhizvkukr.jpg
sun_aohbjddylshvwwpb.jpg,./images/sun_aohbjddylshvwwpb.jpg
sun_bslxkwkosmlrlsha.jpg,./images/sun_bslxkwkosmlrlsha.jpg
Epiphany1.jpg,./images/Epiphany1.jpg
370298668_2df931219d_o.jpg,./images/370298668_2df931219d_o.jpg
4910293569_b5858635df_o.jpg,./images/4910293569_b5858635df_o.jpg
220314567_e24a058b57_o.jpg,./images/220314567_e24a058b57_o.jpg
8730162390_06c87b00f7_k.jpg,./images/8730162390_06c87b00f7_k.jpg
sun_akozwvavgrrgigsi.jpg,./images/sun_akozwvavgrrgigsi.jpg
sun_achufyzeodyonrpu.jpg,./images/sun_achufyzeodyonrpu.jpg
sun_bedqaqmooxgiqjfd.jpg,./images/sun_bedqaqmooxgiqjfd.jpg
14479495127_0fb302ce0c_k.jpg,./images/14479495127_0fb302ce0c_k.jpg
pn32.jpg,./images/pn32.jpg
pn26.jpg,./images/pn26.jpg
sun_bzgjgabjogpxqnqt.jpg,./images/sun_bzgjgabjogpxqnqt.jpg
sun_aybzlopjyukdliyg.jpg,./images/sun_aybzlopjyukdliyg.jpg
pu9.jpg,./images/pu9.jpg
Urban_Image_46.BMP,./images/Urban_Image_46.BMP
7026323479_61570249f2_k.jpg,./images/7026323479_61570249f2_k.jpg
sun_bzxeoahbnuyulciv.jpg,./images/sun_bzxeoahbnuyulciv.jpg
uu34.jpeg,./images/uu34.jpeg
sun_bgkepmegcalzsxra.jpg,./images/sun_bgkepmegcalzsxra.jpg
sun_asnmvuywxppnuqrx.jpg,./images/sun_asnmvuywxppnuqrx.jpg
spn55.jpg,./images/spn55.jpg
sun_bossjhritljapxhy.jpg,./images/sun_bossjhritljapxhy.jpg
sun_ajywfjksexohdjgq.jpg,./images/sun_ajywfjksexohdjgq.jpg
pu32.jpg,./images/pu32.jpg
spn69.jpg,./images/spn69.jpg
sun_bpdkcvhqzdofihea.jpg,./images/sun_bpdkcvhqzdofihea.jpg
spn30.jpeg,./images/spn30.jpeg
pn3.jpg,./images/pn3.jpg
pn2.jpg,./images/pn2.jpg
sun_bakldbczxaoqetbp.jpg,./images/sun_bakldbczxaoqetbp.jpg
labelme_ozprrlnfopvvfsw.jpg,./images/labelme_ozprrlnfopvvfsw.jpg
sun_dgqyeayssxdxcaim.jpg,./images/sun_dgqyeayssxdxcaim.jpg
spn68.jpg,./images/spn68.jpg
sun_azzlqkzvkngnpsib.jpg,./images/sun_azzlqkzvkngnpsib.jpg
sun_abgpemagkkdlucpo.jpg,./images/sun_abgpemagkkdlucpo.jpg
sun_agjmfiwswcgjccqz.jpg,./images/sun_agjmfiwswcgjccqz.jpg
spn54.jpg,./images/spn54.jpg
pu27.jpg,./images/pu27.jpg
4163458317_5b8e765cd7_o.jpg,./images/4163458317_5b8e765cd7_o.jpg
sun_bhxwhlvakvtkiigi.jpg,./images/sun_bhxwhlvakvtkiigi.jpg
sun_bbsbobcpdqtugepx.jpg,./images/sun_bbsbobcpdqtugepx.jpg
sun_bnvjjlyzatkvovei.jpg,./images/sun_bnvjjlyzatkvovei.jpg
sun_bnvunjmzikqymmgt.jpg,./images/sun_bnvunjmzikqymmgt.jpg
sun_bbmsyegxigswbaqk.jpg,./images/sun_bbmsyegxigswbaqk.jpg
labelme_entwioeipyqzcaa.jpg,./images/labelme_entwioeipyqzcaa.jpg
sun_atbfmzgpsinswwgx.jpg,./images/sun_atbfmzgpsinswwgx.jpg
sun_bozdemgfdsbzkgbc.jpg,./images/sun_bozdemgfdsbzkgbc.jpg
Urban_Image_47.BMP,./images/Urban_Image_47.BMP
4929607102_8870f09340_o.jpg,./images/4929607102_8870f09340_o.jpg
pu8.jpg,./images/pu8.jpg
sun_awtptkwnbykvsemf.jpg,./images/sun_awtptkwnbykvsemf.jpg
sun_brblaorihfgkheyj.jpg,./images/sun_brblaorihfgkheyj.jpg
4743675965_7a65b48c0a_o.jpg,./images/4743675965_7a65b48c0a_o.jpg
sun_bdgmokeiphwjzczz.jpg,./images/sun_bdgmokeiphwjzczz.jpg
WhitWalker_TKF069.jpg,./images/WhitWalker_TKF069.jpg
sun_agdlhkbtdisterhs.jpg,./images/sun_agdlhkbtdisterhs.jpg
pn27.jpg,./images/pn27.jpg
sun_byysizsbhqzhlmfm.jpg,./images/sun_byysizsbhqzhlmfm.jpg
pn33.jpg,./images/pn33.jpg
sun_bpgssbtuyotyyjri.jpg,./images/sun_bpgssbtuyotyyjri.jpg
sun_apoyhxfpqeahgure.jpg,./images/sun_apoyhxfpqeahgure.jpg
7492835552_e05c4935b0_k.jpg,./images/7492835552_e05c4935b0_k.jpg
sun_apgskcdyvvlbixin.jpg,./images/sun_apgskcdyvvlbixin.jpg
sun_ayxnecxtidlorohr.jpg,./images/sun_ayxnecxtidlorohr.jpg
sun_boakpjsofzyrojia.jpg,./images/sun_boakpjsofzyrojia.jpg
sun_adqvhawnvgozlkwn.jpg,./images/sun_adqvhawnvgozlkwn.jpg
370298673_a86b97025a_o.jpg,./images/370298673_a86b97025a_o.jpg
pu60.jpeg,./images/pu60.jpeg
sun_bulrjngzcxjvadqv.jpg,./images/sun_bulrjngzcxjvadqv.jpg
sun_btgzihyycsecscsj.jpg,./images/sun_btgzihyycsecscsj.jpg
sun_bekdrkcqpxfeogrm.jpg,./images/sun_bekdrkcqpxfeogrm.jpg
sun_aujttgukeekqmold.jpg,./images/sun_aujttgukeekqmold.jpg
sun_aokgdiugvxssbqyl.jpg,./images/sun_aokgdiugvxssbqyl.jpg
sun_acpotfpuquqfjwzs.jpg,./images/sun_acpotfpuquqfjwzs.jpg
labelme_byuyjoamfjjntxa.jpg,./images/labelme_byuyjoamfjjntxa.jpg
3014867606_9c6f101e83_o.jpg,./images/3014867606_9c6f101e83_o.jpg
uu17.jpg,./images/uu17.jpg
sun_brhnenzovufqzizy.jpg,./images/sun_brhnenzovufqzizy.jpg
8467831666_b7bfeee593_k.jpg,./images/8467831666_b7bfeee593_k.jpg
sun_azormqvbtsuiermz.jpg,./images/sun_azormqvbtsuiermz.jpg
9232732578_68f25ea0fe_o.jpg,./images/9232732578_68f25ea0fe_o.jpg
sun_aplhnzkztpigweny.jpg,./images/sun_aplhnzkztpigweny.jpg
labelme_bsqijdywpmqtdtj.jpg,./images/labelme_bsqijdywpmqtdtj.jpg
sun_bdjvsohpkeaxwwtp.jpg,./images/sun_bdjvsohpkeaxwwtp.jpg
sun_bbtpdhgpbfewpukh.jpg,./images/sun_bbtpdhgpbfewpukh.jpg
3938237942_76dea3d4f8_o.jpg,./images/3938237942_76dea3d4f8_o.jpg
sun_aynqbadmuaxyxouq.jpg,./images/sun_aynqbadmuaxyxouq.jpg
sun_ahzdtrqkhxcrcutf.jpg,./images/sun_ahzdtrqkhxcrcutf.jpg
uu13.jpg,./images/uu13.jpg
pu61.jpeg,./images/pu61.jpeg
sun_bnwcmozdsuvhwmwi.jpg,./images/sun_bnwcmozdsuvhwmwi.jpg
sun_atshfnepwxpetmqj.jpg,./images/sun_atshfnepwxpetmqj.jpg
sun_btbhqmrbpjmvvppb.jpg,./images/sun_btbhqmrbpjmvvppb.jpg
sun_brwtivpqbrlkwavz.jpg,./images/sun_brwtivpqbrlkwavz.jpg
sun_ayhbmyrfbxhqzexg.jpg,./images/sun_ayhbmyrfbxhqzexg.jpg
sun_awayexmxdomozxnc.jpg,./images/sun_awayexmxdomozxnc.jpg
8143875022_3eb1563a6a_k.jpg,./images/8143875022_3eb1563a6a_k.jpg
sun_bklxqxumdvuorqzz.jpg,./images/sun_bklxqxumdvuorqzz.jpg
sun_bncbufsjuohavanw.jpg,./images/sun_bncbufsjuohavanw.jpg
pn37.jpg,./images/pn37.jpg
sun_atolatnwptplpfxk.jpg,./images/sun_atolatnwptplpfxk.jpg
sun_byqbtwpfzaqwhtru.jpg,./images/sun_byqbtwpfzaqwhtru.jpg
sun_arztgyiwakkemhsy.jpg,./images/sun_arztgyiwakkemhsy.jpg
pn23.jpg,./images/pn23.jpg
sun_avuozwffgoykjtuu.jpg,./images/sun_avuozwffgoykjtuu.jpg
sun_bhastrmyzuvoaten.jpg,./images/sun_bhastrmyzuvoaten.jpg
sun_bcbqdmqfztkhxkad.jpg,./images/sun_bcbqdmqfztkhxkad.jpg
sun_bkjlxojqalgwydpl.jpg,./images/sun_bkjlxojqalgwydpl.jpg
sun_aodhyuhlfkwmglwe.jpg,./images/sun_aodhyuhlfkwmglwe.jpg
sun_aoernhzzgmvjjugq.jpg,./images/sun_aoernhzzgmvjjugq.jpg
4888786140_99d6310f91_o.jpg,./images/4888786140_99d6310f91_o.jpg
pn6.jpg,./images/pn6.jpg
sun_bknukeopvziabmzb.jpg,./images/sun_bknukeopvziabmzb.jpg
pu23.jpg,./images/pu23.jpg
spn50.jpg,./images/spn50.jpg
sun_ahdqtvzdhbzwmtms.jpg,./images/sun_ahdqtvzdhbzwmtms.jpg
sun_bvgdshdefudyedlk.jpg,./images/sun_bvgdshdefudyedlk.jpg
pu37.jpg,./images/pu37.jpg
pu36.jpg,./images/pu36.jpg
pu22.JPG,./images/pu22.JPG
pn7.jpg,./images/pn7.jpg
3438269608_8aebf026d7_o.jpg,./images/3438269608_8aebf026d7_o.jpg
uu35.jpeg,./images/uu35.jpeg
sun_bigyiwyihnpodomh.jpg,./images/sun_bigyiwyihnpodomh.jpg
sun_apydbcidwevvnyhr.jpg,./images/sun_apydbcidwevvnyhr.jpg
sun_bhcwrdukiwxhwbqw.jpg,./images/sun_bhcwrdukiwxhwbqw.jpg
sun_byicikoalfajxkkf.jpg,./images/sun_byicikoalfajxkkf.jpg
sun_bcaowsylrnrdzonc.jpg,./images/sun_bcaowsylrnrdzonc.jpg
2484485822_1feaa37591_o.jpg,./images/2484485822_1feaa37591_o.jpg
sun_amzbqalngmxrhcbf.jpg,./images/sun_amzbqalngmxrhcbf.jpg
sun_banoyykhajnceqyv.jpg,./images/sun_banoyykhajnceqyv.jpg
sun_athxjgzdzxrovlnc.jpg,./images/sun_athxjgzdzxrovlnc.jpg
sun_bsahehrgtwtwajcb.jpg,./images/sun_bsahehrgtwtwajcb.jpg
sun_bvdpaarqoanuqhsa.jpg,./images/sun_bvdpaarqoanuqhsa.jpg
pn22.jpg,./images/pn22.jpg
sun_bkmtcjkgqiuymqdz.jpg,./images/sun_bkmtcjkgqiuymqdz.jpg
sun_bsagkngugqrtxocl.jpg,./images/sun_bsagkngugqrtxocl.jpg
pn36.jpg,./images/pn36.jpg
sun_bdvvqhvtshxmmuea.jpg,./images/sun_bdvvqhvtshxmmuea.jpg
sun_bawzptwahgiobppe.jpg,./images/sun_bawzptwahgiobppe.jpg
AMM5.JPG,./images/AMM5.JPG
4357587050_d09069f341_o.jpg,./images/4357587050_d09069f341_o.jpg
9546890293_5bc3d8b49c_k.jpg,./images/9546890293_5bc3d8b49c_k.jpg
8676812842_6747a2ce47_k.jpg,./images/8676812842_6747a2ce47_k.jpg
sun_bkrrjdmctiemjjot.jpg,./images/sun_bkrrjdmctiemjjot.jpg
sun_brwhiesmwjahxkgj.jpg,./images/sun_brwhiesmwjahxkgj.jpg
sun_bqlhycjhbjybeoqv.jpg,./images/sun_bqlhycjhbjybeoqv.jpg
sun_bcmeeuefszmalnzh.jpg,./images/sun_bcmeeuefszmalnzh.jpg
uu12.jpg,./images/uu12.jpg
16153261485_4146b8bc89_k.jpg,./images/16153261485_4146b8bc89_k.jpg
labelme_ewlknolukfqyfuk.jpg,./images/labelme_ewlknolukfqyfuk.jpg
Govans1.jpg,./images/Govans1.jpg
sun_adipubswapszydgc.jpg,./images/sun_adipubswapszydgc.jpg
sun_bcduirgbwfrrefxx.jpg,./images/sun_bcduirgbwfrrefxx.jpg
sun_bekxednqlooydeon.jpg,./images/sun_bekxednqlooydeon.jpg
sun_bscnfabxppvcbcxj.jpg,./images/sun_bscnfabxppvcbcxj.jpg
sun_bxuxfuwbccpvufhi.jpg,./images/sun_bxuxfuwbccpvufhi.jpg
sun_bvwwfrhtvupdxldb.jpg,./images/sun_bvwwfrhtvupdxldb.jpg
2992696567_451168d811_o.jpg,./images/2992696567_451168d811_o.jpg
sun_bddbivbptlrlauhy.jpg,./images/sun_bddbivbptlrlauhy.jpg
uu10.jpg,./images/uu10.jpg
sun_abdgedtspkcucrao.jpg,./images/sun_abdgedtspkcucrao.jpg
sun_bhueajdakwecddnm.jpg,./images/sun_bhueajdakwecddnm.jpg
sun_akbieieeuqieeptr.jpg,./images/sun_akbieieeuqieeptr.jpg
sun_achtzsbsthyiuozj.jpg,./images/sun_achtzsbsthyiuozj.jpg
sun_anhdzzzqipffswva.jpg,./images/sun_anhdzzzqipffswva.jpg
sun_aexhcalddhgjjgvm.jpg,./images/sun_aexhcalddhgjjgvm.jpg
un38.jpg,./images/un38.jpg
un10.jpg,./images/un10.jpg
labelme_bakzysyhkgubmcq.jpg,./images/labelme_bakzysyhkgubmcq.jpg
10030281684_9debe5f38e_k.jpg,./images/10030281684_9debe5f38e_k.jpg
sun_blgjyzbgwspathit.jpg,./images/sun_blgjyzbgwspathit.jpg
sun_altvuelaxtbtyohy.jpg,./images/sun_altvuelaxtbtyohy.jpg
sun_afdlefgvnyugotji.jpg,./images/sun_afdlefgvnyugotji.jpg
pn20.jpg,./images/pn20.jpg
pn34.jpg,./images/pn34.jpg
sun_atyhjqokikabkszi.jpg,./images/sun_atyhjqokikabkszi.jpg
sharpe2.jpg,./images/sharpe2.jpg
sun_bublhntnfxxitafg.jpg,./images/sun_bublhntnfxxitafg.jpg
spn11.jpeg,./images/spn11.jpeg
Thanksgiving_Place_69.jpg,./images/Thanksgiving_Place_69.jpg
sun_bznqljnmqdmmjriw.jpg,./images/sun_bznqljnmqdmmjriw.jpg
6351939118_76186be2de_o.jpg,./images/6351939118_76186be2de_o.jpg
newborn2.jpg,./images/newborn2.jpg
sun_aosvqijvmwznjrsh.jpg,./images/sun_aosvqijvmwznjrsh.jpg
uu42.jpeg,./images/uu42.jpeg
sun_bgjswjjuvywmdwlj.jpg,./images/sun_bgjswjjuvywmdwlj.jpg
sun_adqokdsbdqidllun.jpg,./images/sun_adqokdsbdqidllun.jpg
pn5.jpg,./images/pn5.jpg
spn46.jpeg,./images/spn46.jpeg
sun_bcyreyvclnedknju.jpg,./images/sun_bcyreyvclnedknju.jpg
APA2.jpg,./images/APA2.jpg
pu34.jpg,./images/pu34.jpg
pu20.jpg,./images/pu20.jpg
spn53.jpg,./images/spn53.jpg
uu39.jpeg,./images/uu39.jpeg
labelme_aecmjjmkiksdxvh.jpg,./images/labelme_aecmjjmkiksdxvh.jpg
spn52.jpg,./images/spn52.jpg
pu21.jpg,./images/pu21.jpg
pu35.jpg,./images/pu35.jpg
sun_dqqrtlbirtixdnth.jpg,./images/sun_dqqrtlbirtixdnth.jpg
pn4.jpg,./images/pn4.jpg
sun_avpxyhujdohtrlbg.jpg,./images/sun_avpxyhujdohtrlbg.jpg
sun_bggrpjvaljgfadae.jpg,./images/sun_bggrpjvaljgfadae.jpg
sun_bbfdlqmctfdclvdq.jpg,./images/sun_bbfdlqmctfdclvdq.jpg
sun_bjdtijzqkgzdkncp.jpg,./images/sun_bjdtijzqkgzdkncp.jpg
A_Wider_Circle_017.jpg,./images/A_Wider_Circle_017.jpg
labelme_ynmniizmtruhhse.jpg,./images/labelme_ynmniizmtruhhse.jpg
sun_aahjtwxeiybhoosi.jpg,./images/sun_aahjtwxeiybhoosi.jpg
sun_atupyfvdcmfcbomm.jpg,./images/sun_atupyfvdcmfcbomm.jpg
Urban_Image_41.BMP,./images/Urban_Image_41.BMP
sun_bsdatjaitlsoutnl.jpg,./images/sun_bsdatjaitlsoutnl.jpg
spn3.jpeg,./images/spn3.jpeg
sun_bhrrrkffhjsdtrtl.jpg,./images/sun_bhrrrkffhjsdtrtl.jpg
sun_avkkmttpcjbaqidm.jpg,./images/sun_avkkmttpcjbaqidm.jpg
sun_deqatlrhoshdtxel.jpg,./images/sun_deqatlrhoshdtxel.jpg
sun_bbdcepnwaixlytnn.jpg,./images/sun_bbdcepnwaixlytnn.jpg
pn35.jpg,./images/pn35.jpg
sun_baulgnwkepwuhnnb.jpg,./images/sun_baulgnwkepwuhnnb.jpg
pn21.jpg,./images/pn21.jpg
9867690316_cfed8fea9b_k.jpg,./images/9867690316_cfed8fea9b_k.jpg
labelme_zwskaovcctpajbe.jpg,./images/labelme_zwskaovcctpajbe.jpg
sun_buoxppbzbenwwwrb.jpg,./images/sun_buoxppbzbenwwwrb.jpg
sun_aatbkteovwwsrhmt.jpg,./images/sun_aatbkteovwwsrhmt.jpg
sun_bceiyxksgijkiyhh.jpg,./images/sun_bceiyxksgijkiyhh.jpg
sun_bcwykimfflvatirw.jpg,./images/sun_bcwykimfflvatirw.jpg
sun_bmrwgahrbkouzbbx.jpg,./images/sun_bmrwgahrbkouzbbx.jpg
un11.jpg,./images/un11.jpg
sun_buehgdczemjiykor.jpg,./images/sun_buehgdczemjiykor.jpg
sun_anukwvgvwqwigqgo.jpg,./images/sun_anukwvgvwqwigqgo.jpg
un39.jpg,./images/un39.jpg
8581167587_41bf46c01e_k.jpg,./images/8581167587_41bf46c01e_k.jpg
sun_adyvzgigqdkkqwcd.jpg,./images/sun_adyvzgigqdkkqwcd.jpg
pn13.jpeg,./images/pn13.jpeg
sun_bxfccroehncyrqsp.jpg,./images/sun_bxfccroehncyrqsp.jpg
sun_besjwkzdczpfmxgd.jpg,./images/sun_besjwkzdczpfmxgd.jpg
sun_bjvyksctbdspvwrs.jpg,./images/sun_bjvyksctbdspvwrs.jpg
sun_bwvwmesihdjxgbwi.jpg,./images/sun_bwvwmesihdjxgbwi.jpg
uu11.jpg,./images/uu11.jpg
sun_aayounnakjpewywf.jpg,./images/sun_aayounnakjpewywf.jpg
sun_bknmyghnpktcmggw.jpg,./images/sun_bknmyghnpktcmggw.jpg
5546728127_14d4fc3000_o.jpg,./images/5546728127_14d4fc3000_o.jpg
8540369348_f6ec9a033e_k.jpg,./images/8540369348_f6ec9a033e_k.jpg
sun_bchsjlaecrlqndlz.jpg,./images/sun_bchsjlaecrlqndlz.jpg
sun_aeaicguoayjbzmxh.jpg,./images/sun_aeaicguoayjbzmxh.jpg
sun_ampmvhtlswuvcvmv.jpg,./images/sun_ampmvhtlswuvcvmv.jpg
sun_buustrqbjevekitv.jpg,./images/sun_buustrqbjevekitv.jpg
sun_alhxdpwssmpeuwlf.jpg,./images/sun_alhxdpwssmpeuwlf.jpg
sun_bmruxxerrgvtqslq.jpg,./images/sun_bmruxxerrgvtqslq.jpg
sun_aqjfwllsvdcjggro.jpg,./images/sun_aqjfwllsvdcjggro.jpg
uu62.jpg,./images/uu62.jpg
3683905147_bb1435dd04_o.jpg,./images/3683905147_bb1435dd04_o.jpg
sun_btkajydhoxecvrfn.jpg,./images/sun_btkajydhoxecvrfn.jpg
labelme_calrsncqddcdefi.jpg,./images/labelme_calrsncqddcdefi.jpg
spn20.jpeg,./images/spn20.jpeg
sun_bcpkuroepuvegiyj.jpg,./images/sun_bcpkuroepuvegiyj.jpg
un62.jpg,./images/un62.jpg
sun_belkzcvlquyyzxlu.jpg,./images/sun_belkzcvlquyyzxlu.jpg
3429411023_5bd8ab3f83_o.jpg,./images/3429411023_5bd8ab3f83_o.jpg
sun_bfuwbgnsusxayozm.jpg,./images/sun_bfuwbgnsusxayozm.jpg
sun_buxwzjeqcswlprca.jpg,./images/sun_buxwzjeqcswlprca.jpg
Maryland_Hall008.jpg,./images/Maryland_Hall008.jpg
sun_byyvjhrrwieaqvgu.jpg,./images/sun_byyvjhrrwieaqvgu.jpg
sun_andhuytwocjpyfqj.jpg,./images/sun_andhuytwocjpyfqj.jpg
sun_aofreyqhgemgbcik.jpg,./images/sun_aofreyqhgemgbcik.jpg
sun_bbnqqcqltywnhcyb.jpg,./images/sun_bbnqqcqltywnhcyb.jpg
sun_adcctdabyxmhioeg.jpg,./images/sun_adcctdabyxmhioeg.jpg
sun_bkrehjuuztgzjelf.jpg,./images/sun_bkrehjuuztgzjelf.jpg
sun_bcjcvzqhwybsucmr.jpg,./images/sun_bcjcvzqhwybsucmr.jpg
pn46.jpg,./images/pn46.jpg
pn52.jpg,./images/pn52.jpg
Urban_Image_26.BMP,./images/Urban_Image_26.BMP
sun_bxmcjjfppzlylrct.jpg,./images/sun_bxmcjjfppzlylrct.jpg
sun_ahnacbjcsrsdftzt.jpg,./images/sun_ahnacbjcsrsdftzt.jpg
Urban_Image_32.BMP,./images/Urban_Image_32.BMP
sun_badqjcsvidqnqzzt.jpg,./images/sun_badqjcsvidqnqzzt.jpg
sun_bitjircrfkcolorm.jpg,./images/sun_bitjircrfkcolorm.jpg
un7.jpg,./images/un7.jpg
sun_bnlwfvlsrrgdrauv.jpg,./images/sun_bnlwfvlsrrgdrauv.jpg
sun_azmnsxrpcylcebsm.jpg,./images/sun_azmnsxrpcylcebsm.jpg
uu32.jpeg,./images/uu32.jpeg
spn21.jpg,./images/spn21.jpg
sun_asxxlgfchcyhhjgr.jpg,./images/sun_asxxlgfchcyhhjgr.jpg
6067898115_cb4a811654_o.jpg,./images/6067898115_cb4a811654_o.jpg
spn35.jpg,./images/spn35.jpg
sun_bwczumgrxcfzecal.jpg,./images/sun_bwczumgrxcfzecal.jpg
sun_bidmiyaupldchajt.jpg,./images/sun_bidmiyaupldchajt.jpg
sun_brjsnqgpttyhhxhx.jpg,./images/sun_brjsnqgpttyhhxhx.jpg
sun_amzbbwsttfjypsah.jpg,./images/sun_amzbbwsttfjypsah.jpg
sun_bkvkpmntwfiiitxh.jpg,./images/sun_bkvkpmntwfiiitxh.jpg
sun_aemphghhpqrxhxbk.jpg,./images/sun_aemphghhpqrxhxbk.jpg
sun_brxlhlpveemwrzyj.jpg,./images/sun_brxlhlpveemwrzyj.jpg
sun_bhfnrjbwfkzyyhuh.jpg,./images/sun_bhfnrjbwfkzyyhuh.jpg
sun_byjtronwcohqmfbh.jpg,./images/sun_byjtronwcohqmfbh.jpg
sun_bjytqxiksgisnzjq.jpg,./images/sun_bjytqxiksgisnzjq.jpg
Urban_Image_33.BMP,./images/Urban_Image_33.BMP
sun_baavaltitxtkrcde.jpg,./images/sun_baavaltitxtkrcde.jpg
sun_bmugcijoxluxfwwu.jpg,./images/sun_bmugcijoxluxfwwu.jpg
pn53.jpg,./images/pn53.jpg
sun_bagfpovqwbuexqdn.jpg,./images/sun_bagfpovqwbuexqdn.jpg
sun_aexrahannecqdkfz.jpg,./images/sun_aexrahannecqdkfz.jpg
sun_bopzykgmibsdgwol.jpg,./images/sun_bopzykgmibsdgwol.jpg
sun_bzdcfoltkmpoxnqn.jpg,./images/sun_bzdcfoltkmpoxnqn.jpg
pn47.jpg,./images/pn47.jpg
2794730153_9cba3903c8_o.jpg,./images/2794730153_9cba3903c8_o.jpg
labelme_bbnuydomaieuine.jpg,./images/labelme_bbnuydomaieuine.jpg
sun_afazmafjcrggtjaj.jpg,./images/sun_afazmafjcrggtjaj.jpg
upenn1.jpg,./images/upenn1.jpg
sun_abwrjzernrermrrr.jpg,./images/sun_abwrjzernrermrrr.jpg
sun_aiuhwofaknavsqzr.jpg,./images/sun_aiuhwofaknavsqzr.jpg
sun_bqyqzucwuqjixhok.jpg,./images/sun_bqyqzucwuqjixhok.jpg
labelme_bvfsrewmshfxqgp.jpg,./images/labelme_bvfsrewmshfxqgp.jpg
sun_azmddsbthyywrqax.jpg,./images/sun_azmddsbthyywrqax.jpg
sun_bpmbtppyhnfciukp.jpg,./images/sun_bpmbtppyhnfciukp.jpg
sun_banqtbshywaxzews.jpg,./images/sun_banqtbshywaxzews.jpg
2178040614_a0e947a0d0_o.jpg,./images/2178040614_a0e947a0d0_o.jpg
labelme_dvjjmdowgagrbgu.jpg,./images/labelme_dvjjmdowgagrbgu.jpg
un63.jpg,./images/un63.jpg
sun_bfnsfyrjuzspjcsy.jpg,./images/sun_bfnsfyrjuzspjcsy.jpg
sun_aumxnhsqvrsmfrpx.jpg,./images/sun_aumxnhsqvrsmfrpx.jpg
2984421173_17f7d3718f_o.jpg,./images/2984421173_17f7d3718f_o.jpg
uu63.jpg,./images/uu63.jpg
sun_bmmdtdalpqzurktj.jpg,./images/sun_bmmdtdalpqzurktj.jpg
sun_bccfozaxdgsdeyqs.jpg,./images/sun_bccfozaxdgsdeyqs.jpg
sun_bmnowltihsesjeoh.jpg,./images/sun_bmnowltihsesjeoh.jpg
sun_bdmmepbpygcfmkot.jpg,./images/sun_bdmmepbpygcfmkot.jpg
sun_bxepmzmtdzhtzuqz.jpg,./images/sun_bxepmzmtdzhtzuqz.jpg
pu31.jpeg,./images/pu31.jpeg
sun_bjoelbptplarjlpd.jpg,./images/sun_bjoelbptplarjlpd.jpg
sun_auobqtwkewdqrpec.jpg,./images/sun_auobqtwkewdqrpec.jpg
sun_acvujortsrdjfurr.jpg,./images/sun_acvujortsrdjfurr.jpg
pu46.jpeg,./images/pu46.jpeg
sun_bfuirpvfgufvpqyj.jpg,./images/sun_bfuirpvfgufvpqyj.jpg
uu49.jpg,./images/uu49.jpg
sun_aekkynucosyodgdj.jpg,./images/sun_aekkynucosyodgdj.jpg
sun_adkrellgekuiguvp.jpg,./images/sun_adkrellgekuiguvp.jpg
sun_avcfsxufsfihbpkw.jpg,./images/sun_avcfsxufsfihbpkw.jpg
sun_bpocefddykylewhf.jpg,./images/sun_bpocefddykylewhf.jpg
sun_buqfxpvsgfagjdpi.jpg,./images/sun_buqfxpvsgfagjdpi.jpg
sun_aiqxigwlofcqgcvd.jpg,./images/sun_aiqxigwlofcqgcvd.jpg
uu75.jpg,./images/uu75.jpg
sun_apgooswsbftrmwtt.jpg,./images/sun_apgooswsbftrmwtt.jpg
sun_bawthjvxlzohljzi.jpg,./images/sun_bawthjvxlzohljzi.jpg
uu61.jpg,./images/uu61.jpg
un61.jpg,./images/un61.jpg
un75.jpg,./images/un75.jpg
un49.jpg,./images/un49.jpg
sun_bphyiwjqezaxqddt.jpg,./images/sun_bphyiwjqezaxqddt.jpg
sun_brlajxzipmifytzc.jpg,./images/sun_brlajxzipmifytzc.jpg
sun_amtsykdeypcxymcx.jpg,./images/sun_amtsykdeypcxymcx.jpg
17051254577_dd72f38209_k.jpg,./images/17051254577_dd72f38209_k.jpg
sun_bfvdcpjsvhwhofzu.jpg,./images/sun_bfvdcpjsvhwhofzu.jpg
sun_bmmhttzqsdytdpbe.jpg,./images/sun_bmmhttzqsdytdpbe.jpg
sun_bbmyxzisyxvafulb.jpg,./images/sun_bbmyxzisyxvafulb.jpg
sun_bhienxzkasrbpyri.jpg,./images/sun_bhienxzkasrbpyri.jpg
sun_bnrubxnobdzaoarx.jpg,./images/sun_bnrubxnobdzaoarx.jpg
sun_bgrvwhpqdikqrokh.jpg,./images/sun_bgrvwhpqdikqrokh.jpg
sun_byzaleviutqsyujr.jpg,./images/sun_byzaleviutqsyujr.jpg
pn51.jpg,./images/pn51.jpg
pn45.jpg,./images/pn45.jpg
sun_bxwpqdednuickhma.jpg,./images/sun_bxwpqdednuickhma.jpg
Urban_Image_31.BMP,./images/Urban_Image_31.BMP
Urban_Image_25.BMP,./images/Urban_Image_25.BMP
sun_bmshiubvqbluxlyb.jpg,./images/sun_bmshiubvqbluxlyb.jpg
sun_bhmlgxitzjdlmfzz.jpg,./images/sun_bhmlgxitzjdlmfzz.jpg
sun_apxhgpmlykvgxnze.jpg,./images/sun_apxhgpmlykvgxnze.jpg
spn4.jpeg,./images/spn4.jpeg
sun_aecxkqzitpghjpwh.jpg,./images/sun_aecxkqzitpghjpwh.jpg
sun_bkizsugjzcqqnmaz.jpg,./images/sun_bkizsugjzcqqnmaz.jpg
Urban_Image_19.BMP,./images/Urban_Image_19.BMP
sun_bjnnbzeifsofrhyt.jpg,./images/sun_bjnnbzeifsofrhyt.jpg
pu50.jpeg,./images/pu50.jpeg
sun_bdavrxdxeqzinnrs.jpg,./images/sun_bdavrxdxeqzinnrs.jpg
7707686664_9ba6fdc69b_k.jpg,./images/7707686664_9ba6fdc69b_k.jpg
2992696949_bbd525d889_o.jpg,./images/2992696949_bbd525d889_o.jpg
sun_apueeecjfdprzyjl.jpg,./images/sun_apueeecjfdprzyjl.jpg
spn8.jpg,./images/spn8.jpg
sun_acycvscwuxrguqic.jpg,./images/sun_acycvscwuxrguqic.jpg
spn36.jpg,./images/spn36.jpg
Village5.jpg,./images/Village5.jpg
sun_bpmtbcxtqwgzlnfi.jpg,./images/sun_bpmtbcxtqwgzlnfi.jpg
sun_axmllrhuenzpksqq.jpg,./images/sun_axmllrhuenzpksqq.jpg
AnneArundel4.JPG,./images/AnneArundel4.JPG
spn22.jpg,./images/spn22.jpg
sun_besaekvccktziazd.jpg,./images/sun_besaekvccktziazd.jpg
4779430651_f0f58626ac_o.jpg,./images/4779430651_f0f58626ac_o.jpg
sun_atriidvlwljbeqyy.jpg,./images/sun_atriidvlwljbeqyy.jpg
sun_apolljrgvmbxqupj.jpg,./images/sun_apolljrgvmbxqupj.jpg
spn41.jpeg,./images/spn41.jpeg
sun_aeuixcqjwmewqekr.jpg,./images/sun_aeuixcqjwmewqekr.jpg
spn23.jpg,./images/spn23.jpg
pu44.jpg,./images/pu44.jpg
rocco_buda_playground.jpg,./images/rocco_buda_playground.jpg
spn16.jpeg,./images/spn16.jpeg
un5.jpg,./images/un5.jpg
sun_adohmjaavtrukopm.jpg,./images/sun_adohmjaavtrukopm.jpg
Urban_Image_30.BMP,./images/Urban_Image_30.BMP
3366458002_ac04872b66_o.jpg,./images/3366458002_ac04872b66_o.jpg
pn44.jpg,./images/pn44.jpg
pn50.jpg,./images/pn50.jpg
un17.jpeg,./images/un17.jpeg
upenn2.jpg,./images/upenn2.jpg
sun_baqjezuqsveatsri.jpg,./images/sun_baqjezuqsveatsri.jpg
sun_bclyavfxatuiivun.jpg,./images/sun_bclyavfxatuiivun.jpg
sun_bonxtwbwaikbmpjl.jpg,./images/sun_bonxtwbwaikbmpjl.jpg
labelme_bgbpmwfryvppmrk.jpg,./images/labelme_bgbpmwfryvppmrk.jpg
4910978229_2610ab5369_o.jpg,./images/4910978229_2610ab5369_o.jpg
labelme_bwccfvgaubpcgkv.jpg,./images/labelme_bwccfvgaubpcgkv.jpg
sun_axsvdhjskslfhjea.jpg,./images/sun_axsvdhjskslfhjea.jpg
un48.jpg,./images/un48.jpg
143646356_8ae817d78f_o.jpg,./images/143646356_8ae817d78f_o.jpg
sun_aaiqgsfbwdqrbjya.jpg,./images/sun_aaiqgsfbwdqrbjya.jpg
sun_bcesifdfuidnkdhl.jpg,./images/sun_bcesifdfuidnkdhl.jpg
un74.jpg,./images/un74.jpg
un60.jpg,./images/un60.jpg
uu60.jpg,./images/uu60.jpg
uu74.jpg,./images/uu74.jpg
3102825877_87cdcdcd07_o.jpg,./images/3102825877_87cdcdcd07_o.jpg
sun_bpidjclvqkzpnbsr.jpg,./images/sun_bpidjclvqkzpnbsr.jpg
sun_aevvagwdygfqbepk.jpg,./images/sun_aevvagwdygfqbepk.jpg
uu48.jpg,./images/uu48.jpg
sun_bvolqigacohsryip.jpg,./images/sun_bvolqigacohsryip.jpg
labelme_bhbibbmachoeepq.jpg,./images/labelme_bhbibbmachoeepq.jpg
mtwash1.jpg,./images/mtwash1.jpg
sun_aajidnscfsayawcf.jpg,./images/sun_aajidnscfsayawcf.jpg
sun_bbgtaofnvrjtntot.jpg,./images/sun_bbgtaofnvrjtntot.jpg
sun_bchdfkprakofvumf.jpg,./images/sun_bchdfkprakofvumf.jpg
sun_bktwjrhpbihxnxhq.jpg,./images/sun_bktwjrhpbihxnxhq.jpg
uu70.jpg,./images/uu70.jpg
uu64.jpg,./images/uu64.jpg
sun_awwtynwcjeoaqjsj.jpg,./images/sun_awwtynwcjeoaqjsj.jpg
uu58.jpg,./images/uu58.jpg
sun_aaispeummyknccnf.jpg,./images/sun_aaispeummyknccnf.jpg
un58.jpg,./images/un58.jpg
sun_bppgewopqarkbxab.jpg,./images/sun_bppgewopqarkbxab.jpg
labelme_chklcqiwuuoounz.jpg,./images/labelme_chklcqiwuuoounz.jpg
sun_bakuhmvetishkodw.jpg,./images/sun_bakuhmvetishkodw.jpg
sun_blhkebrbvaqzmbjo.jpg,./images/sun_blhkebrbvaqzmbjo.jpg
un64.jpg,./images/un64.jpg
un70.jpg,./images/un70.jpg
sun_barcsysvarqbmixx.jpg,./images/sun_barcsysvarqbmixx.jpg
sun_alnroddavydcgxwx.jpg,./images/sun_alnroddavydcgxwx.jpg
1203674043_9fa0aca805_o.jpg,./images/1203674043_9fa0aca805_o.jpg
sun_bfcoxrrfwfxiveco.jpg,./images/sun_bfcoxrrfwfxiveco.jpg
pn54.jpg,./images/pn54.jpg
sun_apklzmjvocwdrviz.jpg,./images/sun_apklzmjvocwdrviz.jpg
pn40.jpg,./images/pn40.jpg
pn68.jpg,./images/pn68.jpg
sun_bcpmvofllwtkeoad.jpg,./images/sun_bcpmvofllwtkeoad.jpg
sun_bzthophwbpqeelod.jpg,./images/sun_bzthophwbpqeelod.jpg
Urban_Image_08.BMP,./images/Urban_Image_08.BMP
spn17.jpeg,./images/spn17.jpeg
sun_bpxovwqngbxwpxyw.jpg,./images/sun_bpxovwqngbxwpxyw.jpg
sun_bazyarazogyqnprd.jpg,./images/sun_bazyarazogyqnprd.jpg
uu44.jpeg,./images/uu44.jpeg
sun_aayfhklpssisjupm.jpg,./images/sun_aayfhklpssisjupm.jpg
sun_btycklxwwteajmia.jpg,./images/sun_btycklxwwteajmia.jpg
8143897812_4de9ac4548_k.jpg,./images/8143897812_4de9ac4548_k.jpg
pu68.jpg,./images/pu68.jpg
sun_bruzufbrxgumhbkg.jpg,./images/sun_bruzufbrxgumhbkg.jpg
spn40.jpeg,./images/spn40.jpeg
15500314383_c492f42534_k.jpg,./images/15500314383_c492f42534_k.jpg
sun_bxuvzwraxjshfykb.jpg,./images/sun_bxuvzwraxjshfykb.jpg
16021914030_a159428210_k.jpg,./images/16021914030_a159428210_k.jpg
4911002033_d87276e515_o.jpg,./images/4911002033_d87276e515_o.jpg
pu40.jpg,./images/pu40.jpg
spn27.jpg,./images/spn27.jpg
sun_blxqxadugkxgkalk.jpg,./images/sun_blxqxadugkxgkalk.jpg
spn26.jpg,./images/spn26.jpg
sun_dsrzpdstrwqbspik.jpg,./images/sun_dsrzpdstrwqbspik.jpg
sun_bbmrhxqjrmmoevml.jpg,./images/sun_bbmrhxqjrmmoevml.jpg
4911596438_b1e8a2856b_o.jpg,./images/4911596438_b1e8a2856b_o.jpg
pu41.jpg,./images/pu41.jpg
pu69.jpg,./images/pu69.jpg
370298677_637dc7f159_o.jpg,./images/370298677_637dc7f159_o.jpg
sun_bcixjiqjpnnfiire.jpg,./images/sun_bcixjiqjpnnfiire.jpg
sun_anfaqwnsseslhmgk.jpg,./images/sun_anfaqwnsseslhmgk.jpg
pu51.jpeg,./images/pu51.jpeg
sun_bajqjnzswlmdcmyl.jpg,./images/sun_bajqjnzswlmdcmyl.jpg
2503462395_38bfa075f5_o.jpg,./images/2503462395_38bfa075f5_o.jpg
sun_bhtzlfresphagrgm.jpg,./images/sun_bhtzlfresphagrgm.jpg
Urban_Image_21.BMP,./images/Urban_Image_21.BMP
Urban_Image_35.BMP,./images/Urban_Image_35.BMP
6156996809_99ab02f2d8_o.jpg,./images/6156996809_99ab02f2d8_o.jpg
sun_bbhqyyzmsxhsbjmp.jpg,./images/sun_bbhqyyzmsxhsbjmp.jpg
spn5.jpeg,./images/spn5.jpeg
sun_aeueihrogrfkaojy.jpg,./images/sun_aeueihrogrfkaojy.jpg
sun_bmyquizpmpwuhkum.jpg,./images/sun_bmyquizpmpwuhkum.jpg
pn69.jpg,./images/pn69.jpg
BaltWash3.jpg,./images/BaltWash3.jpg
pn41.jpg,./images/pn41.jpg
pn55.jpg,./images/pn55.jpg
sun_bbjlfbiedyouvbdj.jpg,./images/sun_bbjlfbiedyouvbdj.jpg
sun_bhrzhxgtfpwpixeu.jpg,./images/sun_bhrzhxgtfpwpixeu.jpg
sun_avgrwbwfvbeeonym.jpg,./images/sun_avgrwbwfvbeeonym.jpg
sun_bdtgbjkmsxruvbwk.jpg,./images/sun_bdtgbjkmsxruvbwk.jpg
sun_bzsqbpxtkmzhjyvb.jpg,./images/sun_bzsqbpxtkmzhjyvb.jpg
labelme_gchhqpsdjqwmrcb.jpg,./images/labelme_gchhqpsdjqwmrcb.jpg
un71.jpg,./images/un71.jpg
un65.jpg,./images/un65.jpg
sun_bawsgeurqavbassz.jpg,./images/sun_bawsgeurqavbassz.jpg
sun_agqfrqikczlpwfyd.jpg,./images/sun_agqfrqikczlpwfyd.jpg
un59.jpg,./images/un59.jpg
sun_bxmllrhuenzpksqq.jpg,./images/sun_bxmllrhuenzpksqq.jpg
uu59.jpg,./images/uu59.jpg
87772710_029279892b_o.jpg,./images/87772710_029279892b_o.jpg
uu65.jpg,./images/uu65.jpg
uu71.jpg,./images/uu71.jpg
sun_brqmslcqsfjaiztu.jpg,./images/sun_brqmslcqsfjaiztu.jpg
pu47.jpeg,./images/pu47.jpeg
sun_bacfxczwjbidyntb.jpg,./images/sun_bacfxczwjbidyntb.jpg
sun_bcrwdtmondimmwrt.jpg,./images/sun_bcrwdtmondimmwrt.jpg
sun_bawejwuijczbnhfl.jpg,./images/sun_bawejwuijczbnhfl.jpg
labelme_zvxznjrjrujetsi.jpg,./images/labelme_zvxznjrjrujetsi.jpg
sun_blfnvnmxcjheorcl.jpg,./images/sun_blfnvnmxcjheorcl.jpg
Restoration_Image_07.BMP,./images/Restoration_Image_07.BMP
Hopkins11.jpg,./images/Hopkins11.jpg
4877805823_10b7530df5_o.jpg,./images/4877805823_10b7530df5_o.jpg
uu67.jpg,./images/uu67.jpg
sun_dldrcheszhwyrsfi.jpg,./images/sun_dldrcheszhwyrsfi.jpg
sun_dimmdxybcljpovoa.jpg,./images/sun_dimmdxybcljpovoa.jpg
uu73.jpg,./images/uu73.jpg
sun_bdxcdhsinznxkdns.jpg,./images/sun_bdxcdhsinznxkdns.jpg
1493288209_30b9e037a5_o.jpg,./images/1493288209_30b9e037a5_o.jpg
sun_biebzssguuejjujo.jpg,./images/sun_biebzssguuejjujo.jpg
sun_bmsdnncgyeoixvky.jpg,./images/sun_bmsdnncgyeoixvky.jpg
sun_aahrukrnyjbjqkzm.jpg,./images/sun_aahrukrnyjbjqkzm.jpg
un73.jpg,./images/un73.jpg
labelme_bxvctltntrtinjf.jpg,./images/labelme_bxvctltntrtinjf.jpg
sun_bqthurmppqnvaznc.jpg,./images/sun_bqthurmppqnvaznc.jpg
un67.jpg,./images/un67.jpg
sun_aitbkepknxksdxcj.jpg,./images/sun_aitbkepknxksdxcj.jpg
sun_bkrfeyzyhynwhynm.jpg,./images/sun_bkrfeyzyhynwhynm.jpg
sun_blkdilbbfbwttmcj.jpg,./images/sun_blkdilbbfbwttmcj.jpg
sun_baqnukrgycqktawo.jpg,./images/sun_baqnukrgycqktawo.jpg
MD3.jpg,./images/MD3.jpg
sun_bcsldcxlxkocudco.jpg,./images/sun_bcsldcxlxkocudco.jpg
pn43.jpg,./images/pn43.jpg
sun_axwgzdgueilttuip.jpg,./images/sun_axwgzdgueilttuip.jpg
pn57.jpg,./images/pn57.jpg
sun_biotyrvatdotbhdy.jpg,./images/sun_biotyrvatdotbhdy.jpg
sun_barmfqmjkvriolvq.jpg,./images/sun_barmfqmjkvriolvq.jpg
sun_bjmkxnjycyzykcxm.jpg,./images/sun_bjmkxnjycyzykcxm.jpg
un2.jpg,./images/un2.jpg
sun_bdxpbadwnechcxwh.jpg,./images/sun_bdxpbadwnechcxwh.jpg
3715204846_e0274a5f44_o.jpg,./images/3715204846_e0274a5f44_o.jpg
sun_avasbieblxhpjipj.jpg,./images/sun_avasbieblxhpjipj.jpg
Urban_Image_23.BMP,./images/Urban_Image_23.BMP
Urban_Image_37.BMP,./images/Urban_Image_37.BMP
Waterworks4.jpg,./images/Waterworks4.jpg
labelme_chspzssrpfebqmp.jpg,./images/labelme_chspzssrpfebqmp.jpg
pu26.jpeg,./images/pu26.jpeg
sun_bkqvibktjwjpfbym.jpg,./images/sun_bkqvibktjwjpfbym.jpg
sun_bvnbbmftbvgjxxnf.jpg,./images/sun_bvnbbmftbvgjxxnf.jpg
sun_alewbcnalibklcwh.jpg,./images/sun_alewbcnalibklcwh.jpg
4463022243_8881fc7bda_o.jpg,./images/4463022243_8881fc7bda_o.jpg
sun_bkdzqjanktzjkvjb.jpg,./images/sun_bkdzqjanktzjkvjb.jpg
pu57.jpg,./images/pu57.jpg
pu42.jpg,./images/pu42.jpg
spn31.jpg,./images/spn31.jpg
sun_bdtmmtsvfiwkcdfh.jpg,./images/sun_bdtmmtsvfiwkcdfh.jpg
sun_bawkebmqafttwycf.jpg,./images/sun_bawkebmqafttwycf.jpg
sun_buvhxhulxdvdhhkt.jpg,./images/sun_buvhxhulxdvdhhkt.jpg
uu9.jpg,./images/uu9.jpg
AnneArundel3.jpg,./images/AnneArundel3.jpg
sun_augkdnbqfhjujard.jpg,./images/sun_augkdnbqfhjujard.jpg
9132730773_7a7eab3983_k.jpg,./images/9132730773_7a7eab3983_k.jpg
spn37.jpeg,./images/spn37.jpeg
6156998891_cfbc8531d2_o.jpg,./images/6156998891_cfbc8531d2_o.jpg
sun_auwhpvbjstioovpe.jpg,./images/sun_auwhpvbjstioovpe.jpg
uu33.jpeg,./images/uu33.jpeg
sun_bfvhqmbmqkgpkjbn.jpg,./images/sun_bfvhqmbmqkgpkjbn.jpg
labelme_ddjtwwdwppxbsmj.jpg,./images/labelme_ddjtwwdwppxbsmj.jpg
sun_bjbuliwidvbgvjdp.jpg,./images/sun_bjbuliwidvbgvjdp.jpg
Urban_Image_36.BMP,./images/Urban_Image_36.BMP
Urban_Image_22.BMP,./images/Urban_Image_22.BMP
4910952199_8bea2155dd_o.jpg,./images/4910952199_8bea2155dd_o.jpg
3436845590_6019af2b56_o.jpg,./images/3436845590_6019af2b56_o.jpg
pu2.jpeg,./images/pu2.jpeg
sun_aggsvevtolyrapjm.jpg,./images/sun_aggsvevtolyrapjm.jpg
un3.jpg,./images/un3.jpg
labelme_ffiwmkezkvpjwum.jpg,./images/labelme_ffiwmkezkvpjwum.jpg
pn56.jpg,./images/pn56.jpg
sun_asspiatfdtjwpoxi.jpg,./images/sun_asspiatfdtjwpoxi.jpg
pn42.jpg,./images/pn42.jpg
sun_blqwnlinlkhhtdme.jpg,./images/sun_blqwnlinlkhhtdme.jpg
spn9.jpeg,./images/spn9.jpeg
sun_bzroiumpaljlxkjo.jpg,./images/sun_bzroiumpaljlxkjo.jpg
MD2.jpg,./images/MD2.jpg
sun_agtlkltilxntonlh.jpg,./images/sun_agtlkltilxntonlh.jpg
un66.jpg,./images/un66.jpg
sun_aaczlpbzrdvkzymz.jpg,./images/sun_aaczlpbzrdvkzymz.jpg
sun_banypouestzeimab.jpg,./images/sun_banypouestzeimab.jpg
un72.jpg,./images/un72.jpg
sun_bcryvxhnjxesamfu.jpg,./images/sun_bcryvxhnjxesamfu.jpg
sun_bthyrwocdyalfuvj.jpg,./images/sun_bthyrwocdyalfuvj.jpg
sun_azakhrzedasebwck.jpg,./images/sun_azakhrzedasebwck.jpg
sun_bqocpfktfgbdqyih.jpg,./images/sun_bqocpfktfgbdqyih.jpg
uu72.jpg,./images/uu72.jpg
uu66.jpg,./images/uu66.jpg
sun_bhmycohdkioefoxs.jpg,./images/sun_bhmycohdkioefoxs.jpg
GeorgetownL1.jpg,./images/GeorgetownL1.jpg
sun_apcsdvctssbmwyxt.jpg,./images/sun_apcsdvctssbmwyxt.jpg
un1.jpeg,./images/un1.jpeg
Restoration_Image_06.BMP,./images/Restoration_Image_06.BMP
16801118350_902530e7b9_o.jpg,./images/16801118350_902530e7b9_o.jpg
Restoration_Image_12.BMP,./images/Restoration_Image_12.BMP
